{
  "fileVersion": "좀비의 밤 — 수정을 지켜라",
  "seed": 740021,
  "players": 21,
  "viewport": {
    "width": 1280,
    "height": 720
  },
  "start": {
    "x": -16.5,
    "y": 87,
    "z": -20.8,
    "yaw": 3.141592653589793,
    "pitch": -0.22
  },
  "captures": [
    {
      "name": "start-default-camera-21",
      "kind": "actual-run",
      "player": {
        "x": -16.5,
        "y": 87,
        "z": -20.8,
        "yaw": 3.141592653589793,
        "pitch": -0.22
      },
      "camera": {
        "x": -16.5,
        "y": 89.94666958771757,
        "z": -27.045743675715876,
        "fov": 70
      },
      "potentiallyVisibleHazards": [
        {
          "id": "start0",
          "kind": "punch",
          "width": 71.3,
          "height": 119.3,
          "fullyInFrame": true,
          "distance": 32.9
        },
        {
          "id": "start1",
          "kind": "punch",
          "width": 42.3,
          "height": 72.9,
          "fullyInFrame": true,
          "distance": 55.8
        },
        {
          "id": "start2",
          "kind": "punch",
          "width": 33.1,
          "height": 56.7,
          "fullyInFrame": true,
          "distance": 72.9
        },
        {
          "id": "start3",
          "kind": "punch",
          "width": 28.1,
          "height": 46.3,
          "fullyInFrame": true,
          "distance": 90
        },
        {
          "id": "start4",
          "kind": "punch",
          "width": 84.7,
          "height": 119.3,
          "fullyInFrame": true,
          "distance": 34
        },
        {
          "id": "start5",
          "kind": "punch",
          "width": 50.9,
          "height": 72.9,
          "fullyInFrame": true,
          "distance": 57.1
        },
        {
          "id": "start6",
          "kind": "punch",
          "width": 39.7,
          "height": 56.7,
          "fullyInFrame": true,
          "distance": 74.3
        },
        {
          "id": "start7",
          "kind": "punch",
          "width": 32.6,
          "height": 46.3,
          "fullyInFrame": true,
          "distance": 91.6
        },
        {
          "id": "start8",
          "kind": "punch",
          "width": 112.3,
          "height": 119.3,
          "fullyInFrame": true,
          "distance": 39
        },
        {
          "id": "start9",
          "kind": "punch",
          "width": 61.7,
          "height": 72.9,
          "fullyInFrame": true,
          "distance": 60.8
        },
        {
          "id": "start10",
          "kind": "punch",
          "width": 46.4,
          "height": 56.7,
          "fullyInFrame": true,
          "distance": 77.7
        },
        {
          "id": "start11",
          "kind": "punch",
          "width": 37.1,
          "height": 46.3,
          "fullyInFrame": true,
          "distance": 94.7
        },
        {
          "id": "start12",
          "kind": "punch",
          "width": 139.9,
          "height": 119.3,
          "fullyInFrame": true,
          "distance": 46.6
        },
        {
          "id": "start13",
          "kind": "punch",
          "width": 72.6,
          "height": 72.9,
          "fullyInFrame": true,
          "distance": 66.5
        },
        {
          "id": "jellyGate0:0",
          "kind": "punch",
          "width": 38.6,
          "height": 67,
          "fullyInFrame": true,
          "distance": 62.8
        },
        {
          "id": "jellyGate0:1",
          "kind": "punch",
          "width": 40.8,
          "height": 67,
          "fullyInFrame": true,
          "distance": 63
        },
        {
          "id": "jellyGate0:2",
          "kind": "punch",
          "width": 46.4,
          "height": 67,
          "fullyInFrame": true,
          "distance": 64.1
        },
        {
          "id": "jellyGate0:3",
          "kind": "punch",
          "width": 51.9,
          "height": 67,
          "fullyInFrame": true,
          "distance": 66
        },
        {
          "id": "jellyGate0:4",
          "kind": "punch",
          "width": 57.5,
          "height": 67,
          "fullyInFrame": true,
          "distance": 68.7
        },
        {
          "id": "jellyGate0:5",
          "kind": "punch",
          "width": 62.8,
          "height": 67,
          "fullyInFrame": true,
          "distance": 71.9
        },
        {
          "id": "jellyGate1:0",
          "kind": "punch",
          "width": 29.9,
          "height": 52,
          "fullyInFrame": true,
          "distance": 81.8
        },
        {
          "id": "jellyGate1:1",
          "kind": "punch",
          "width": 31.2,
          "height": 52,
          "fullyInFrame": true,
          "distance": 82
        },
        {
          "id": "jellyGate1:2",
          "kind": "punch",
          "width": 34.5,
          "height": 52,
          "fullyInFrame": true,
          "distance": 82.8
        },
        {
          "id": "jellyGate1:3",
          "kind": "punch",
          "width": 38,
          "height": 52,
          "fullyInFrame": true,
          "distance": 84.2
        },
        {
          "id": "jellyGate1:4",
          "kind": "punch",
          "width": 41.4,
          "height": 52,
          "fullyInFrame": true,
          "distance": 86.3
        },
        {
          "id": "jellyGate1:5",
          "kind": "punch",
          "width": 44.8,
          "height": 52,
          "fullyInFrame": true,
          "distance": 89
        },
        {
          "id": "candyEdge0:-1:-6",
          "kind": "punch",
          "width": 19.6,
          "height": 22.1,
          "fullyInFrame": true,
          "distance": 122.9
        },
        {
          "id": "candyEdge0:1:-6",
          "kind": "punch",
          "width": 25.6,
          "height": 22.1,
          "fullyInFrame": true,
          "distance": 128.4
        }
      ],
      "calls": 223,
      "triangles": 1564078,
      "memory": {
        "geometries": 140,
        "textures": 19
      },
      "programs": 40,
      "raceArt": {
        "materials": 3,
        "textures": 2,
        "visibleDraws": 11,
        "visibleTriangles": 178124,
        "instances": 123,
        "overflow": 0,
        "smallDecor76": {
          "count": 68,
          "triangles": 49524,
          "types": [
            13,
            16,
            14,
            11,
            12,
            2
          ]
        },
        "startDecor76": {
          "count": 10,
          "triangles": 6056,
          "placements": [
            {
              "x": -26.7,
              "z": 27,
              "type": 0,
              "scale": 1.22
            },
            {
              "x": -25.1,
              "z": 31,
              "type": 2,
              "scale": 1.12
            },
            {
              "x": -24.3,
              "z": 37,
              "type": 1,
              "scale": 0.88
            },
            {
              "x": -25.25,
              "z": 39.1,
              "type": 1,
              "scale": 1.08
            },
            {
              "x": -25,
              "z": 61,
              "type": 5,
              "scale": 1
            },
            {
              "x": 26.7,
              "z": 27,
              "type": 0,
              "scale": 1.22
            },
            {
              "x": 25.1,
              "z": 31,
              "type": 2,
              "scale": 1.12
            },
            {
              "x": 24.3,
              "z": 37,
              "type": 1,
              "scale": 0.88
            },
            {
              "x": 25.25,
              "z": 39.1,
              "type": 1,
              "scale": 1.08
            },
            {
              "x": 25,
              "z": 61,
              "type": 5,
              "scale": 1
            }
          ]
        },
        "scenery75Triangles": 283452
      },
      "energy": {
        "visible": false,
        "value": 100,
        "fill": null,
        "stamina": 1,
        "rank": "1",
        "time": "3:00",
        "label": "3.0초 달리기"
      }
    },
    {
      "name": "run-2s-default-camera-21",
      "kind": "actual-run",
      "player": {
        "x": 0.014356471707826458,
        "y": 87,
        "z": 11.26491170018261,
        "yaw": 3.141592653589793,
        "pitch": -0.22
      },
      "camera": {
        "x": 0.014278901794021186,
        "y": 89.94666958771757,
        "z": 3.596182610076614,
        "fov": 71.77445070215234
      },
      "potentiallyVisibleHazards": [
        {
          "id": "start1",
          "kind": "punch",
          "width": 134.9,
          "height": 146.4,
          "fullyInFrame": true,
          "distance": 29
        },
        {
          "id": "start2",
          "kind": "punch",
          "width": 69.4,
          "height": 91.7,
          "fullyInFrame": true,
          "distance": 42.9
        },
        {
          "id": "start3",
          "kind": "punch",
          "width": 45.1,
          "height": 66.8,
          "fullyInFrame": true,
          "distance": 58.7
        },
        {
          "id": "start4",
          "kind": "punch",
          "width": 407.6,
          "height": 478.1,
          "fullyInFrame": false,
          "distance": 7.6
        },
        {
          "id": "start5",
          "kind": "punch",
          "width": 93.3,
          "height": 146.4,
          "fullyInFrame": true,
          "distance": 24.2
        },
        {
          "id": "start6",
          "kind": "punch",
          "width": 53.3,
          "height": 91.7,
          "fullyInFrame": true,
          "distance": 40.8
        },
        {
          "id": "start7",
          "kind": "punch",
          "width": 38.7,
          "height": 66.8,
          "fullyInFrame": true,
          "distance": 57.8
        },
        {
          "id": "start8",
          "kind": "punch",
          "width": 543.6,
          "height": 478.1,
          "fullyInFrame": false,
          "distance": 4.6
        },
        {
          "id": "start9",
          "kind": "punch",
          "width": 103.6,
          "height": 146.4,
          "fullyInFrame": true,
          "distance": 24.9
        },
        {
          "id": "start10",
          "kind": "punch",
          "width": 65.1,
          "height": 91.7,
          "fullyInFrame": true,
          "distance": 42.1
        },
        {
          "id": "start11",
          "kind": "punch",
          "width": 47.4,
          "height": 66.8,
          "fullyInFrame": true,
          "distance": 59.3
        },
        {
          "id": "start13",
          "kind": "punch",
          "width": 145.2,
          "height": 146.4,
          "fullyInFrame": true,
          "distance": 30.8
        },
        {
          "id": "jellyGate0:0",
          "kind": "punch",
          "width": 107.5,
          "height": 120.8,
          "fullyInFrame": true,
          "distance": 35.8
        },
        {
          "id": "jellyGate0:1",
          "kind": "punch",
          "width": 91.5,
          "height": 120.8,
          "fullyInFrame": true,
          "distance": 32.8
        },
        {
          "id": "jellyGate0:2",
          "kind": "punch",
          "width": 72.2,
          "height": 120.8,
          "fullyInFrame": true,
          "distance": 30.9
        },
        {
          "id": "jellyGate0:3",
          "kind": "punch",
          "width": 72.9,
          "height": 120.8,
          "fullyInFrame": true,
          "distance": 30.9
        },
        {
          "id": "jellyGate0:4",
          "kind": "punch",
          "width": 92.2,
          "height": 120.8,
          "fullyInFrame": true,
          "distance": 32.9
        },
        {
          "id": "jellyGate0:5",
          "kind": "punch",
          "width": 107.4,
          "height": 120.8,
          "fullyInFrame": true,
          "distance": 35.8
        },
        {
          "id": "jellyGate1:0",
          "kind": "punch",
          "width": 62.6,
          "height": 78.6,
          "fullyInFrame": true,
          "distance": 53.2
        },
        {
          "id": "jellyGate1:1",
          "kind": "punch",
          "width": 54.4,
          "height": 78.6,
          "fullyInFrame": true,
          "distance": 50.9
        },
        {
          "id": "jellyGate1:2",
          "kind": "punch",
          "width": 47.4,
          "height": 78.6,
          "fullyInFrame": true,
          "distance": 49.9
        },
        {
          "id": "jellyGate1:3",
          "kind": "punch",
          "width": 47.1,
          "height": 78.6,
          "fullyInFrame": true,
          "distance": 49.9
        },
        {
          "id": "jellyGate1:4",
          "kind": "punch",
          "width": 54.1,
          "height": 78.6,
          "fullyInFrame": true,
          "distance": 50.9
        },
        {
          "id": "jellyGate1:5",
          "kind": "punch",
          "width": 62.6,
          "height": 78.6,
          "fullyInFrame": true,
          "distance": 53.2
        },
        {
          "id": "candy0",
          "kind": "bar",
          "width": 90.3,
          "height": 17.8,
          "fullyInFrame": true,
          "distance": 97.2
        },
        {
          "id": "candyEdge0:-1:-6",
          "kind": "punch",
          "width": 30.2,
          "height": 28.2,
          "fullyInFrame": true,
          "distance": 93.1
        },
        {
          "id": "candyEdge0:-1:6",
          "kind": "punch",
          "width": 26.3,
          "height": 25.1,
          "fullyInFrame": true,
          "distance": 104.9
        },
        {
          "id": "candyEdge0:1:-6",
          "kind": "punch",
          "width": 30.2,
          "height": 28.2,
          "fullyInFrame": true,
          "distance": 93.1
        },
        {
          "id": "candyEdge0:1:6",
          "kind": "punch",
          "width": 26.3,
          "height": 25.1,
          "fullyInFrame": true,
          "distance": 104.9
        },
        {
          "id": "candy1",
          "kind": "bar",
          "width": 62,
          "height": 15.8,
          "fullyInFrame": true,
          "distance": 111
        },
        {
          "id": "candyEdge1:-1:-6",
          "kind": "punch",
          "width": 25.7,
          "height": 24.6,
          "fullyInFrame": true,
          "distance": 106.8
        },
        {
          "id": "candyEdge1:-1:6",
          "kind": "punch",
          "width": 22.8,
          "height": 22.2,
          "fullyInFrame": true,
          "distance": 118.6
        },
        {
          "id": "candyEdge1:1:-6",
          "kind": "punch",
          "width": 25.7,
          "height": 24.6,
          "fullyInFrame": true,
          "distance": 106.8
        },
        {
          "id": "candyEdge1:1:6",
          "kind": "punch",
          "width": 22.8,
          "height": 22.2,
          "fullyInFrame": true,
          "distance": 118.6
        }
      ],
      "calls": 127,
      "triangles": 1079494,
      "memory": {
        "geometries": 140,
        "textures": 19
      },
      "programs": 40,
      "raceArt": {
        "materials": 3,
        "textures": 2,
        "visibleDraws": 11,
        "visibleTriangles": 196708,
        "instances": 151,
        "overflow": 0,
        "smallDecor76": {
          "count": 68,
          "triangles": 49524,
          "types": [
            13,
            16,
            14,
            11,
            12,
            2
          ]
        },
        "startDecor76": {
          "count": 10,
          "triangles": 6056,
          "placements": [
            {
              "x": -26.7,
              "z": 27,
              "type": 0,
              "scale": 1.22
            },
            {
              "x": -25.1,
              "z": 31,
              "type": 2,
              "scale": 1.12
            },
            {
              "x": -24.3,
              "z": 37,
              "type": 1,
              "scale": 0.88
            },
            {
              "x": -25.25,
              "z": 39.1,
              "type": 1,
              "scale": 1.08
            },
            {
              "x": -25,
              "z": 61,
              "type": 5,
              "scale": 1
            },
            {
              "x": 26.7,
              "z": 27,
              "type": 0,
              "scale": 1.22
            },
            {
              "x": 25.1,
              "z": 31,
              "type": 2,
              "scale": 1.12
            },
            {
              "x": 24.3,
              "z": 37,
              "type": 1,
              "scale": 0.88
            },
            {
              "x": 25.25,
              "z": 39.1,
              "type": 1,
              "scale": 1.08
            },
            {
              "x": 25,
              "z": 61,
              "type": 5,
              "scale": 1
            }
          ]
        },
        "scenery75Triangles": 283452
      },
      "energy": {
        "visible": true,
        "value": 100,
        "fill": 100,
        "stamina": 1,
        "rank": "1",
        "time": "2:58",
        "label": "3.0초 달리기"
      }
    },
    {
      "name": "run-5s-default-camera-21",
      "kind": "actual-run",
      "player": {
        "x": -0.11090328148962585,
        "y": 87,
        "z": 44.66072397974018,
        "yaw": 3.141592653589793,
        "pitch": -0.22
      },
      "camera": {
        "x": 0.034055777353992636,
        "y": 89.9209662606286,
        "z": 37.19634210177119,
        "fov": 71.71570114008462
      },
      "potentiallyVisibleHazards": [
        {
          "id": "start2",
          "kind": "punch",
          "width": 317.4,
          "height": 351.3,
          "fullyInFrame": false,
          "distance": 15.3
        },
        {
          "id": "start3",
          "kind": "punch",
          "width": 112.4,
          "height": 144.5,
          "fullyInFrame": true,
          "distance": 26.5
        },
        {
          "id": "start6",
          "kind": "punch",
          "width": 212,
          "height": 351.3,
          "fullyInFrame": true,
          "distance": 7.5
        },
        {
          "id": "start7",
          "kind": "punch",
          "width": 84.7,
          "height": 144.5,
          "fullyInFrame": true,
          "distance": 24.4
        },
        {
          "id": "start10",
          "kind": "punch",
          "width": 346.2,
          "height": 351.3,
          "fullyInFrame": true,
          "distance": 12.9
        },
        {
          "id": "start11",
          "kind": "punch",
          "width": 122.3,
          "height": 144.5,
          "fullyInFrame": true,
          "distance": 27.9
        },
        {
          "id": "jellyGate0:1",
          "kind": "punch",
          "width": 98.6,
          "height": 720,
          "fullyInFrame": false,
          "distance": 10.9
        },
        {
          "id": "jellyGate0:2",
          "kind": "punch",
          "width": 533.9,
          "height": 720,
          "fullyInFrame": false,
          "distance": 4.7
        },
        {
          "id": "jellyGate0:3",
          "kind": "punch",
          "width": 518.8,
          "height": 720,
          "fullyInFrame": false,
          "distance": 5.2
        },
        {
          "id": "jellyGate0:4",
          "kind": "punch",
          "width": 83.5,
          "height": 720,
          "fullyInFrame": false,
          "distance": 11.4
        },
        {
          "id": "jellyGate1:0",
          "kind": "punch",
          "width": 220.2,
          "height": 205.8,
          "fullyInFrame": true,
          "distance": 24.4
        },
        {
          "id": "jellyGate1:1",
          "kind": "punch",
          "width": 180,
          "height": 205.8,
          "fullyInFrame": true,
          "distance": 20.1
        },
        {
          "id": "jellyGate1:2",
          "kind": "punch",
          "width": 128.2,
          "height": 205.8,
          "fullyInFrame": true,
          "distance": 16.7
        },
        {
          "id": "jellyGate1:3",
          "kind": "punch",
          "width": 125.9,
          "height": 205.8,
          "fullyInFrame": true,
          "distance": 16.7
        },
        {
          "id": "jellyGate1:4",
          "kind": "punch",
          "width": 177.7,
          "height": 205.8,
          "fullyInFrame": true,
          "distance": 20
        },
        {
          "id": "jellyGate1:5",
          "kind": "punch",
          "width": 219.7,
          "height": 205.8,
          "fullyInFrame": true,
          "distance": 24.6
        },
        {
          "id": "candy0",
          "kind": "bar",
          "width": 109.6,
          "height": 28.1,
          "fullyInFrame": true,
          "distance": 64
        },
        {
          "id": "candyEdge0:-1:-6",
          "kind": "punch",
          "width": 51,
          "height": 43.4,
          "fullyInFrame": true,
          "distance": 61
        },
        {
          "id": "candyEdge0:-1:6",
          "kind": "punch",
          "width": 41.1,
          "height": 36.4,
          "fullyInFrame": true,
          "distance": 72.4
        },
        {
          "id": "candyEdge0:1:-6",
          "kind": "punch",
          "width": 50.9,
          "height": 43.4,
          "fullyInFrame": true,
          "distance": 61.1
        },
        {
          "id": "candyEdge0:1:6",
          "kind": "punch",
          "width": 41,
          "height": 36.4,
          "fullyInFrame": true,
          "distance": 72.5
        },
        {
          "id": "candy1",
          "kind": "bar",
          "width": 134.6,
          "height": 21.3,
          "fullyInFrame": true,
          "distance": 77.8
        },
        {
          "id": "candyEdge1:-1:-6",
          "kind": "punch",
          "width": 39.8,
          "height": 35.5,
          "fullyInFrame": true,
          "distance": 74.3
        },
        {
          "id": "candyEdge1:-1:6",
          "kind": "punch",
          "width": 33.4,
          "height": 30.7,
          "fullyInFrame": true,
          "distance": 85.9
        },
        {
          "id": "candyEdge1:1:-6",
          "kind": "punch",
          "width": 39.7,
          "height": 35.5,
          "fullyInFrame": true,
          "distance": 74.4
        },
        {
          "id": "candyEdge1:1:6",
          "kind": "punch",
          "width": 33.3,
          "height": 30.7,
          "fullyInFrame": true,
          "distance": 86
        },
        {
          "id": "candy2",
          "kind": "bar",
          "width": 100.6,
          "height": 15.5,
          "fullyInFrame": true,
          "distance": 106.3
        },
        {
          "id": "candyEdge2:-1:-6",
          "kind": "punch",
          "width": 27.1,
          "height": 25.7,
          "fullyInFrame": true,
          "distance": 102.5
        },
        {
          "id": "candyEdge2:-1:6",
          "kind": "punch",
          "width": 23.9,
          "height": 23.1,
          "fullyInFrame": true,
          "distance": 114.3
        },
        {
          "id": "candyEdge2:1:-6",
          "kind": "punch",
          "width": 27.1,
          "height": 25.7,
          "fullyInFrame": true,
          "distance": 102.5
        },
        {
          "id": "candyEdge2:1:6",
          "kind": "punch",
          "width": 23.9,
          "height": 23.1,
          "fullyInFrame": true,
          "distance": 114.3
        }
      ],
      "calls": 50,
      "triangles": 734182,
      "memory": {
        "geometries": 140,
        "textures": 19
      },
      "programs": 40,
      "raceArt": {
        "materials": 3,
        "textures": 2,
        "visibleDraws": 11,
        "visibleTriangles": 212352,
        "instances": 165,
        "overflow": 0,
        "smallDecor76": {
          "count": 68,
          "triangles": 49524,
          "types": [
            13,
            16,
            14,
            11,
            12,
            2
          ]
        },
        "startDecor76": {
          "count": 10,
          "triangles": 6056,
          "placements": [
            {
              "x": -26.7,
              "z": 27,
              "type": 0,
              "scale": 1.22
            },
            {
              "x": -25.1,
              "z": 31,
              "type": 2,
              "scale": 1.12
            },
            {
              "x": -24.3,
              "z": 37,
              "type": 1,
              "scale": 0.88
            },
            {
              "x": -25.25,
              "z": 39.1,
              "type": 1,
              "scale": 1.08
            },
            {
              "x": -25,
              "z": 61,
              "type": 5,
              "scale": 1
            },
            {
              "x": 26.7,
              "z": 27,
              "type": 0,
              "scale": 1.22
            },
            {
              "x": 25.1,
              "z": 31,
              "type": 2,
              "scale": 1.12
            },
            {
              "x": 24.3,
              "z": 37,
              "type": 1,
              "scale": 0.88
            },
            {
              "x": 25.25,
              "z": 39.1,
              "type": 1,
              "scale": 1.08
            },
            {
              "x": 25,
              "z": 61,
              "type": 5,
              "scale": 1
            }
          ]
        },
        "scenery75Triangles": 283452
      },
      "energy": {
        "visible": true,
        "value": 100,
        "fill": 100,
        "stamina": 1,
        "rank": "1",
        "time": "2:55",
        "label": "3.0초 달리기"
      }
    },
    {
      "name": "run-10s-default-camera-21",
      "kind": "actual-run",
      "player": {
        "x": 0.3140105924333574,
        "y": 87,
        "z": 41.18702610400725,
        "yaw": 3.141592653589793,
        "pitch": -0.22
      },
      "camera": {
        "x": 1.2706063439212545,
        "y": 89.89962702072046,
        "z": 34.23139695045498,
        "fov": 71.74834726010663
      },
      "potentiallyVisibleHazards": [
        {
          "id": "start1",
          "kind": "punch",
          "width": 1280,
          "height": 720,
          "fullyInFrame": false,
          "distance": 18
        },
        {
          "id": "start2",
          "kind": "punch",
          "width": 307.3,
          "height": 281,
          "fullyInFrame": true,
          "distance": 17.6
        },
        {
          "id": "start3",
          "kind": "punch",
          "width": 103.2,
          "height": 131.1,
          "fullyInFrame": true,
          "distance": 29.9
        },
        {
          "id": "start5",
          "kind": "punch",
          "width": 1280,
          "height": 720,
          "fullyInFrame": false,
          "distance": 7.9
        },
        {
          "id": "start6",
          "kind": "punch",
          "width": 172.7,
          "height": 281,
          "fullyInFrame": true,
          "distance": 11
        },
        {
          "id": "start7",
          "kind": "punch",
          "width": 76.6,
          "height": 131.1,
          "fullyInFrame": true,
          "distance": 27.8
        },
        {
          "id": "start9",
          "kind": "punch",
          "width": 1280,
          "height": 720,
          "fullyInFrame": false,
          "distance": 9.5
        },
        {
          "id": "start10",
          "kind": "punch",
          "width": 245.3,
          "height": 281,
          "fullyInFrame": true,
          "distance": 14.9
        },
        {
          "id": "start11",
          "kind": "punch",
          "width": 104.5,
          "height": 131.1,
          "fullyInFrame": true,
          "distance": 30.8
        },
        {
          "id": "start13",
          "kind": "punch",
          "width": 1280,
          "height": 720,
          "fullyInFrame": false,
          "distance": 20.3
        },
        {
          "id": "jellyGate0:1",
          "kind": "punch",
          "width": 168.1,
          "height": 500.6,
          "fullyInFrame": false,
          "distance": 11.5
        },
        {
          "id": "jellyGate0:2",
          "kind": "punch",
          "width": 525.2,
          "height": 500.6,
          "fullyInFrame": false,
          "distance": 4
        },
        {
          "id": "jellyGate0:3",
          "kind": "punch",
          "width": 599.7,
          "height": 500.6,
          "fullyInFrame": false,
          "distance": 3.6
        },
        {
          "id": "jellyGate0:4",
          "kind": "punch",
          "width": 273.8,
          "height": 500.6,
          "fullyInFrame": false,
          "distance": 11.2
        },
        {
          "id": "jellyGate1:0",
          "kind": "punch",
          "width": 191.3,
          "height": 180.1,
          "fullyInFrame": true,
          "distance": 27.4
        },
        {
          "id": "jellyGate1:1",
          "kind": "punch",
          "width": 155.7,
          "height": 180.1,
          "fullyInFrame": true,
          "distance": 23
        },
        {
          "id": "jellyGate1:2",
          "kind": "punch",
          "width": 119.4,
          "height": 180.1,
          "fullyInFrame": true,
          "distance": 20.3
        },
        {
          "id": "jellyGate1:3",
          "kind": "punch",
          "width": 105.6,
          "height": 180.1,
          "fullyInFrame": true,
          "distance": 20.1
        },
        {
          "id": "jellyGate1:4",
          "kind": "punch",
          "width": 141.8,
          "height": 180.1,
          "fullyInFrame": true,
          "distance": 22.5
        },
        {
          "id": "jellyGate1:5",
          "kind": "punch",
          "width": 178.9,
          "height": 180.1,
          "fullyInFrame": true,
          "distance": 27
        },
        {
          "id": "candy0",
          "kind": "bar",
          "width": 98.4,
          "height": 26.9,
          "fullyInFrame": true,
          "distance": 67.5
        },
        {
          "id": "candyEdge0:-1:-6",
          "kind": "punch",
          "width": 48.9,
          "height": 41.4,
          "fullyInFrame": true,
          "distance": 64.4
        },
        {
          "id": "candyEdge0:-1:6",
          "kind": "punch",
          "width": 39.7,
          "height": 35,
          "fullyInFrame": true,
          "distance": 75.9
        },
        {
          "id": "candyEdge0:1:-6",
          "kind": "punch",
          "width": 47.3,
          "height": 41.4,
          "fullyInFrame": true,
          "distance": 64.2
        },
        {
          "id": "candyEdge0:1:6",
          "kind": "punch",
          "width": 38.5,
          "height": 35,
          "fullyInFrame": true,
          "distance": 75.7
        },
        {
          "id": "candy1",
          "kind": "bar",
          "width": 116.3,
          "height": 21.3,
          "fullyInFrame": true,
          "distance": 81.2
        },
        {
          "id": "candyEdge1:-1:-6",
          "kind": "punch",
          "width": 38.5,
          "height": 34.1,
          "fullyInFrame": true,
          "distance": 77.8
        },
        {
          "id": "candyEdge1:-1:6",
          "kind": "punch",
          "width": 32.5,
          "height": 29.7,
          "fullyInFrame": true,
          "distance": 89.4
        },
        {
          "id": "candyEdge1:1:-6",
          "kind": "punch",
          "width": 37.4,
          "height": 34.1,
          "fullyInFrame": true,
          "distance": 77.6
        },
        {
          "id": "candyEdge1:1:6",
          "kind": "punch",
          "width": 31.6,
          "height": 29.7,
          "fullyInFrame": true,
          "distance": 89.2
        },
        {
          "id": "candy2",
          "kind": "bar",
          "width": 59.6,
          "height": 16,
          "fullyInFrame": true,
          "distance": 109.8
        },
        {
          "id": "candyEdge2:-1:-6",
          "kind": "punch",
          "width": 26.5,
          "height": 25,
          "fullyInFrame": true,
          "distance": 106
        },
        {
          "id": "candyEdge2:-1:6",
          "kind": "punch",
          "width": 23.5,
          "height": 22.5,
          "fullyInFrame": true,
          "distance": 117.8
        },
        {
          "id": "candyEdge2:1:-6",
          "kind": "punch",
          "width": 25.9,
          "height": 25,
          "fullyInFrame": true,
          "distance": 105.9
        },
        {
          "id": "candyEdge2:1:6",
          "kind": "punch",
          "width": 23,
          "height": 22.5,
          "fullyInFrame": true,
          "distance": 117.6
        }
      ],
      "calls": 50,
      "triangles": 734182,
      "memory": {
        "geometries": 140,
        "textures": 19
      },
      "programs": 40,
      "raceArt": {
        "materials": 3,
        "textures": 2,
        "visibleDraws": 11,
        "visibleTriangles": 212352,
        "instances": 165,
        "overflow": 0,
        "smallDecor76": {
          "count": 68,
          "triangles": 49524,
          "types": [
            13,
            16,
            14,
            11,
            12,
            2
          ]
        },
        "startDecor76": {
          "count": 10,
          "triangles": 6056,
          "placements": [
            {
              "x": -26.7,
              "z": 27,
              "type": 0,
              "scale": 1.22
            },
            {
              "x": -25.1,
              "z": 31,
              "type": 2,
              "scale": 1.12
            },
            {
              "x": -24.3,
              "z": 37,
              "type": 1,
              "scale": 0.88
            },
            {
              "x": -25.25,
              "z": 39.1,
              "type": 1,
              "scale": 1.08
            },
            {
              "x": -25,
              "z": 61,
              "type": 5,
              "scale": 1
            },
            {
              "x": 26.7,
              "z": 27,
              "type": 0,
              "scale": 1.22
            },
            {
              "x": 25.1,
              "z": 31,
              "type": 2,
              "scale": 1.12
            },
            {
              "x": 24.3,
              "z": 37,
              "type": 1,
              "scale": 0.88
            },
            {
              "x": 25.25,
              "z": 39.1,
              "type": 1,
              "scale": 1.08
            },
            {
              "x": 25,
              "z": 61,
              "type": 5,
              "scale": 1
            }
          ]
        },
        "scenery75Triangles": 283452
      },
      "energy": {
        "visible": true,
        "value": 100,
        "fill": 100,
        "stamina": 1,
        "rank": "1",
        "time": "2:50",
        "label": "3.0초 달리기"
      }
    },
    {
      "name": "section-probe-01-default-camera-21",
      "kind": "section-waypoint",
      "section": 1,
      "sectionName": "통통 범퍼숲",
      "player": {
        "x": 0,
        "y": 87.075,
        "z": 22,
        "yaw": 3.141592653589793,
        "pitch": -0.22
      },
      "camera": {
        "x": 7.648830000760271e-16,
        "y": 90.02166958771757,
        "z": 15.754256324284125,
        "fov": 70.00714509564712
      },
      "potentiallyVisibleHazards": [
        {
          "id": "start1",
          "kind": "punch",
          "width": 295.3,
          "height": 263.1,
          "fullyInFrame": true,
          "distance": 21.1
        },
        {
          "id": "start2",
          "kind": "punch",
          "width": 105.3,
          "height": 129.1,
          "fullyInFrame": true,
          "distance": 32.9
        },
        {
          "id": "start3",
          "kind": "punch",
          "width": 59.7,
          "height": 85.6,
          "fullyInFrame": true,
          "distance": 48.2
        },
        {
          "id": "start5",
          "kind": "punch",
          "width": 178,
          "height": 263.1,
          "fullyInFrame": true,
          "distance": 13.8
        },
        {
          "id": "start6",
          "kind": "punch",
          "width": 75.5,
          "height": 129.1,
          "fullyInFrame": true,
          "distance": 30
        },
        {
          "id": "start7",
          "kind": "punch",
          "width": 49.7,
          "height": 85.6,
          "fullyInFrame": true,
          "distance": 47
        },
        {
          "id": "start9",
          "kind": "punch",
          "width": 207.3,
          "height": 263.1,
          "fullyInFrame": true,
          "distance": 15
        },
        {
          "id": "start10",
          "kind": "punch",
          "width": 97.3,
          "height": 129.1,
          "fullyInFrame": true,
          "distance": 31.8
        },
        {
          "id": "start11",
          "kind": "punch",
          "width": 63.4,
          "height": 85.6,
          "fullyInFrame": true,
          "distance": 48.9
        },
        {
          "id": "start13",
          "kind": "punch",
          "width": 232,
          "height": 263.1,
          "fullyInFrame": false,
          "distance": 23.5
        },
        {
          "id": "jellyGate0:0",
          "kind": "punch",
          "width": 196.4,
          "height": 189.7,
          "fullyInFrame": true,
          "distance": 27.3
        },
        {
          "id": "jellyGate0:1",
          "kind": "punch",
          "width": 157.3,
          "height": 189.7,
          "fullyInFrame": true,
          "distance": 22.9
        },
        {
          "id": "jellyGate0:2",
          "kind": "punch",
          "width": 117.6,
          "height": 189.7,
          "fullyInFrame": true,
          "distance": 20.3
        },
        {
          "id": "jellyGate0:3",
          "kind": "punch",
          "width": 119.1,
          "height": 189.7,
          "fullyInFrame": true,
          "distance": 20.4
        },
        {
          "id": "jellyGate0:4",
          "kind": "punch",
          "width": 158.9,
          "height": 189.7,
          "fullyInFrame": true,
          "distance": 23
        },
        {
          "id": "jellyGate0:5",
          "kind": "punch",
          "width": 196.4,
          "height": 189.7,
          "fullyInFrame": true,
          "distance": 27.3
        },
        {
          "id": "jellyGate1:0",
          "kind": "punch",
          "width": 88.8,
          "height": 104.5,
          "fullyInFrame": true,
          "distance": 43.2
        },
        {
          "id": "jellyGate1:1",
          "kind": "punch",
          "width": 76.2,
          "height": 104.5,
          "fullyInFrame": true,
          "distance": 40.6
        },
        {
          "id": "jellyGate1:2",
          "kind": "punch",
          "width": 63.3,
          "height": 104.5,
          "fullyInFrame": true,
          "distance": 39.2
        },
        {
          "id": "jellyGate1:3",
          "kind": "punch",
          "width": 62.8,
          "height": 104.5,
          "fullyInFrame": true,
          "distance": 39.2
        },
        {
          "id": "jellyGate1:4",
          "kind": "punch",
          "width": 75.7,
          "height": 104.5,
          "fullyInFrame": true,
          "distance": 40.5
        },
        {
          "id": "jellyGate1:5",
          "kind": "punch",
          "width": 88.8,
          "height": 104.5,
          "fullyInFrame": true,
          "distance": 43.2
        },
        {
          "id": "candy0",
          "kind": "bar",
          "width": 75.6,
          "height": 21.5,
          "fullyInFrame": true,
          "distance": 86.5
        },
        {
          "id": "candyEdge0:-1:-6",
          "kind": "punch",
          "width": 36.7,
          "height": 33.4,
          "fullyInFrame": true,
          "distance": 82.7
        },
        {
          "id": "candyEdge0:-1:6",
          "kind": "punch",
          "width": 31.3,
          "height": 29.2,
          "fullyInFrame": true,
          "distance": 94.4
        },
        {
          "id": "candyEdge0:1:-6",
          "kind": "punch",
          "width": 36.7,
          "height": 33.4,
          "fullyInFrame": true,
          "distance": 82.7
        },
        {
          "id": "candyEdge0:1:6",
          "kind": "punch",
          "width": 31.3,
          "height": 29.2,
          "fullyInFrame": true,
          "distance": 94.4
        },
        {
          "id": "candy1",
          "kind": "bar",
          "width": 97.7,
          "height": 17.9,
          "fullyInFrame": true,
          "distance": 100.3
        },
        {
          "id": "candyEdge1:-1:-6",
          "kind": "punch",
          "width": 30.5,
          "height": 28.6,
          "fullyInFrame": true,
          "distance": 96.3
        },
        {
          "id": "candyEdge1:-1:6",
          "kind": "punch",
          "width": 26.6,
          "height": 25.5,
          "fullyInFrame": true,
          "distance": 108.1
        },
        {
          "id": "candyEdge1:1:-6",
          "kind": "punch",
          "width": 30.5,
          "height": 28.6,
          "fullyInFrame": true,
          "distance": 96.3
        },
        {
          "id": "candyEdge1:1:6",
          "kind": "punch",
          "width": 26.6,
          "height": 25.5,
          "fullyInFrame": true,
          "distance": 108.1
        },
        {
          "id": "candyEdge2:-1:-6",
          "kind": "punch",
          "width": 22.6,
          "height": 22.1,
          "fullyInFrame": true,
          "distance": 124.8
        },
        {
          "id": "candyEdge2:1:-6",
          "kind": "punch",
          "width": 22.6,
          "height": 22.1,
          "fullyInFrame": true,
          "distance": 124.8
        }
      ],
      "calls": 74,
      "triangles": 814951,
      "memory": {
        "geometries": 140,
        "textures": 23
      },
      "programs": 40,
      "raceArt": {
        "materials": 3,
        "textures": 2,
        "visibleDraws": 11,
        "visibleTriangles": 196708,
        "instances": 151,
        "overflow": 0,
        "smallDecor76": {
          "count": 68,
          "triangles": 49524,
          "types": [
            13,
            16,
            14,
            11,
            12,
            2
          ]
        },
        "startDecor76": {
          "count": 10,
          "triangles": 6056,
          "placements": [
            {
              "x": -26.7,
              "z": 27,
              "type": 0,
              "scale": 1.22
            },
            {
              "x": -25.1,
              "z": 31,
              "type": 2,
              "scale": 1.12
            },
            {
              "x": -24.3,
              "z": 37,
              "type": 1,
              "scale": 0.88
            },
            {
              "x": -25.25,
              "z": 39.1,
              "type": 1,
              "scale": 1.08
            },
            {
              "x": -25,
              "z": 61,
              "type": 5,
              "scale": 1
            },
            {
              "x": 26.7,
              "z": 27,
              "type": 0,
              "scale": 1.22
            },
            {
              "x": 25.1,
              "z": 31,
              "type": 2,
              "scale": 1.12
            },
            {
              "x": 24.3,
              "z": 37,
              "type": 1,
              "scale": 0.88
            },
            {
              "x": 25.25,
              "z": 39.1,
              "type": 1,
              "scale": 1.08
            },
            {
              "x": 25,
              "z": 61,
              "type": 5,
              "scale": 1
            }
          ]
        },
        "scenery75Triangles": 283452
      },
      "energy": {
        "visible": false,
        "value": 100,
        "fill": 100,
        "stamina": 1,
        "rank": "1",
        "time": "2:50",
        "label": "3.0초 달리기"
      }
    },
    {
      "name": "section-probe-02-default-camera-21",
      "kind": "section-waypoint",
      "section": 2,
      "sectionName": "빙글빙글 캔디마당",
      "player": {
        "x": 0,
        "y": 87.075,
        "z": 84,
        "yaw": 3.141592653589793,
        "pitch": -0.22
      },
      "camera": {
        "x": 7.648830000760271e-16,
        "y": 90.02166958771757,
        "z": 77.75425632428413,
        "fov": 70
      },
      "potentiallyVisibleHazards": [
        {
          "id": "candy0",
          "kind": "bar",
          "width": 338.1,
          "height": 86.1,
          "fullyInFrame": true,
          "distance": 25.6
        },
        {
          "id": "candyEdge0:-1:-6",
          "kind": "punch",
          "width": 210.1,
          "height": 126.9,
          "fullyInFrame": true,
          "distance": 27.7
        },
        {
          "id": "candyEdge0:-1:6",
          "kind": "punch",
          "width": 115.7,
          "height": 82.3,
          "fullyInFrame": true,
          "distance": 36.6
        },
        {
          "id": "candyEdge0:1:-6",
          "kind": "punch",
          "width": 210.1,
          "height": 126.9,
          "fullyInFrame": true,
          "distance": 27.7
        },
        {
          "id": "candyEdge0:1:6",
          "kind": "punch",
          "width": 115.7,
          "height": 82.3,
          "fullyInFrame": true,
          "distance": 36.6
        },
        {
          "id": "candy1",
          "kind": "bar",
          "width": 261.5,
          "height": 47.3,
          "fullyInFrame": true,
          "distance": 38.8
        },
        {
          "id": "candyEdge1:-1:-6",
          "kind": "punch",
          "width": 107.2,
          "height": 77.7,
          "fullyInFrame": true,
          "distance": 38.3
        },
        {
          "id": "candyEdge1:-1:6",
          "kind": "punch",
          "width": 73.5,
          "height": 58.3,
          "fullyInFrame": true,
          "distance": 48.8
        },
        {
          "id": "candyEdge1:1:-6",
          "kind": "punch",
          "width": 107.2,
          "height": 77.7,
          "fullyInFrame": true,
          "distance": 38.3
        },
        {
          "id": "candyEdge1:1:6",
          "kind": "punch",
          "width": 73.5,
          "height": 58.3,
          "fullyInFrame": true,
          "distance": 48.8
        },
        {
          "id": "candy2",
          "kind": "bar",
          "width": 103.7,
          "height": 27.8,
          "fullyInFrame": true,
          "distance": 67
        },
        {
          "id": "candyEdge2:-1:-6",
          "kind": "punch",
          "width": 50.1,
          "height": 43.1,
          "fullyInFrame": true,
          "distance": 64.5
        },
        {
          "id": "candyEdge2:-1:6",
          "kind": "punch",
          "width": 40.7,
          "height": 36.4,
          "fullyInFrame": true,
          "distance": 76
        },
        {
          "id": "candyEdge2:1:-6",
          "kind": "punch",
          "width": 50.1,
          "height": 43.1,
          "fullyInFrame": true,
          "distance": 64.5
        },
        {
          "id": "candyEdge2:1:6",
          "kind": "punch",
          "width": 40.7,
          "height": 36.4,
          "fullyInFrame": true,
          "distance": 76
        },
        {
          "id": "candy3",
          "kind": "bar",
          "width": 26.6,
          "height": 19.2,
          "fullyInFrame": true,
          "distance": 97.3
        },
        {
          "id": "candyEdge3:-1:-6",
          "kind": "punch",
          "width": 31.7,
          "height": 29.5,
          "fullyInFrame": true,
          "distance": 93.4
        },
        {
          "id": "candyEdge3:-1:6",
          "kind": "punch",
          "width": 27.5,
          "height": 26.2,
          "fullyInFrame": true,
          "distance": 105.1
        },
        {
          "id": "candyEdge3:1:-6",
          "kind": "punch",
          "width": 31.7,
          "height": 29.5,
          "fullyInFrame": true,
          "distance": 93.4
        },
        {
          "id": "candyEdge3:1:6",
          "kind": "punch",
          "width": 27.5,
          "height": 26.2,
          "fullyInFrame": true,
          "distance": 105.1
        },
        {
          "id": "candy4",
          "kind": "bar",
          "width": 99.8,
          "height": 15.3,
          "fullyInFrame": true,
          "distance": 112.4
        },
        {
          "id": "candyEdge4:-1:-6",
          "kind": "punch",
          "width": 26.6,
          "height": 25.5,
          "fullyInFrame": true,
          "distance": 108.1
        },
        {
          "id": "candyEdge4:-1:6",
          "kind": "punch",
          "width": 23.6,
          "height": 23,
          "fullyInFrame": true,
          "distance": 119.9
        },
        {
          "id": "candyEdge4:1:-6",
          "kind": "punch",
          "width": 26.6,
          "height": 25.5,
          "fullyInFrame": true,
          "distance": 108.1
        },
        {
          "id": "candyEdge4:1:6",
          "kind": "punch",
          "width": 23.6,
          "height": 23,
          "fullyInFrame": true,
          "distance": 119.9
        }
      ],
      "calls": 62,
      "triangles": 778806,
      "memory": {
        "geometries": 140,
        "textures": 23
      },
      "programs": 40,
      "raceArt": {
        "materials": 3,
        "textures": 2,
        "visibleDraws": 11,
        "visibleTriangles": 234652,
        "instances": 193,
        "overflow": 0,
        "smallDecor76": {
          "count": 68,
          "triangles": 49524,
          "types": [
            13,
            16,
            14,
            11,
            12,
            2
          ]
        },
        "startDecor76": {
          "count": 10,
          "triangles": 6056,
          "placements": [
            {
              "x": -26.7,
              "z": 27,
              "type": 0,
              "scale": 1.22
            },
            {
              "x": -25.1,
              "z": 31,
              "type": 2,
              "scale": 1.12
            },
            {
              "x": -24.3,
              "z": 37,
              "type": 1,
              "scale": 0.88
            },
            {
              "x": -25.25,
              "z": 39.1,
              "type": 1,
              "scale": 1.08
            },
            {
              "x": -25,
              "z": 61,
              "type": 5,
              "scale": 1
            },
            {
              "x": 26.7,
              "z": 27,
              "type": 0,
              "scale": 1.22
            },
            {
              "x": 25.1,
              "z": 31,
              "type": 2,
              "scale": 1.12
            },
            {
              "x": 24.3,
              "z": 37,
              "type": 1,
              "scale": 0.88
            },
            {
              "x": 25.25,
              "z": 39.1,
              "type": 1,
              "scale": 1.08
            },
            {
              "x": 25,
              "z": 61,
              "type": 5,
              "scale": 1
            }
          ]
        },
        "scenery75Triangles": 283452
      },
      "energy": {
        "visible": false,
        "value": 100,
        "fill": 100,
        "stamina": 1,
        "rank": "1",
        "time": "2:50",
        "label": "3.0초 달리기"
      }
    },
    {
      "name": "section-probe-03-default-camera-21",
      "kind": "section-waypoint",
      "section": 3,
      "sectionName": "통통 도넛섬",
      "player": {
        "x": 0,
        "y": 87.075,
        "z": 220,
        "yaw": 3.141592653589793,
        "pitch": -0.22
      },
      "camera": {
        "x": 7.648830000760271e-16,
        "y": 90.02166958771757,
        "z": 213.7542563242841,
        "fov": 70
      },
      "potentiallyVisibleHazards": [
        {
          "id": "donut9:0",
          "kind": "punch",
          "width": 115.3,
          "height": 109.4,
          "fullyInFrame": true,
          "distance": 25
        },
        {
          "id": "donut9:1",
          "kind": "punch",
          "width": 68.8,
          "height": 109.4,
          "fullyInFrame": true,
          "distance": 19.3
        },
        {
          "id": "donut9:2",
          "kind": "punch",
          "width": 73.1,
          "height": 78.3,
          "fullyInFrame": true,
          "distance": 32.9
        },
        {
          "id": "donut9:3",
          "kind": "punch",
          "width": 48.6,
          "height": 78.3,
          "fullyInFrame": true,
          "distance": 28.9
        },
        {
          "id": "donutInner9:0",
          "kind": "punch",
          "width": 91.1,
          "height": 102.7,
          "fullyInFrame": true,
          "distance": 25
        },
        {
          "id": "donutInner9:1",
          "kind": "punch",
          "width": 56.6,
          "height": 85.2,
          "fullyInFrame": true,
          "distance": 30
        },
        {
          "id": "donutInner9:2",
          "kind": "punch",
          "width": 94,
          "height": 124.2,
          "fullyInFrame": true,
          "distance": 21
        },
        {
          "id": "donutInner9:3",
          "kind": "punch",
          "width": 80.1,
          "height": 130,
          "fullyInFrame": true,
          "distance": 18
        },
        {
          "id": "donutInner9:4",
          "kind": "punch",
          "width": 94.5,
          "height": 107.9,
          "fullyInFrame": true,
          "distance": 25.8
        },
        {
          "id": "donutInner9:5",
          "kind": "punch",
          "width": 55.7,
          "height": 95.8,
          "fullyInFrame": true,
          "distance": 25.7
        },
        {
          "id": "donutInner9:6",
          "kind": "punch",
          "width": 77,
          "height": 112.2,
          "fullyInFrame": true,
          "distance": 22.5
        },
        {
          "id": "donutInner9:7",
          "kind": "punch",
          "width": 102.6,
          "height": 124.7,
          "fullyInFrame": true,
          "distance": 23
        },
        {
          "id": "donut10:0",
          "kind": "punch",
          "width": 19.9,
          "height": 33,
          "fullyInFrame": true,
          "distance": 75.2
        },
        {
          "id": "donut10:1",
          "kind": "punch",
          "width": 24.9,
          "height": 33,
          "fullyInFrame": true,
          "distance": 77.1
        },
        {
          "id": "donut10:2",
          "kind": "punch",
          "width": 17.7,
          "height": 29.5,
          "fullyInFrame": true,
          "distance": 84.8
        },
        {
          "id": "donut10:3",
          "kind": "punch",
          "width": 21.8,
          "height": 29.5,
          "fullyInFrame": true,
          "distance": 86.5
        },
        {
          "id": "donutInner10:0",
          "kind": "punch",
          "width": 27.4,
          "height": 34.5,
          "fullyInFrame": true,
          "distance": 80.4
        },
        {
          "id": "donutInner10:1",
          "kind": "punch",
          "width": 19.7,
          "height": 32.3,
          "fullyInFrame": true,
          "distance": 85.7
        },
        {
          "id": "donutInner10:2",
          "kind": "punch",
          "width": 21.8,
          "height": 36.7,
          "fullyInFrame": true,
          "distance": 75.3
        },
        {
          "id": "donutInner10:3",
          "kind": "punch",
          "width": 21,
          "height": 37.2,
          "fullyInFrame": true,
          "distance": 73.7
        },
        {
          "id": "donutInner10:4",
          "kind": "punch",
          "width": 23.7,
          "height": 35.1,
          "fullyInFrame": true,
          "distance": 79.4
        },
        {
          "id": "donutInner10:5",
          "kind": "punch",
          "width": 18.7,
          "height": 33.7,
          "fullyInFrame": true,
          "distance": 81.6
        },
        {
          "id": "donutInner10:6",
          "kind": "punch",
          "width": 20.5,
          "height": 35.6,
          "fullyInFrame": true,
          "distance": 77.5
        },
        {
          "id": "donutInner10:7",
          "kind": "punch",
          "width": 21.6,
          "height": 36.7,
          "fullyInFrame": true,
          "distance": 75.8
        }
      ],
      "calls": 62,
      "triangles": 719258,
      "memory": {
        "geometries": 143,
        "textures": 23
      },
      "programs": 40,
      "raceArt": {
        "materials": 3,
        "textures": 2,
        "visibleDraws": 11,
        "visibleTriangles": 204878,
        "instances": 271,
        "overflow": 0,
        "smallDecor76": {
          "count": 68,
          "triangles": 49524,
          "types": [
            13,
            16,
            14,
            11,
            12,
            2
          ]
        },
        "startDecor76": {
          "count": 10,
          "triangles": 6056,
          "placements": [
            {
              "x": -26.7,
              "z": 27,
              "type": 0,
              "scale": 1.22
            },
            {
              "x": -25.1,
              "z": 31,
              "type": 2,
              "scale": 1.12
            },
            {
              "x": -24.3,
              "z": 37,
              "type": 1,
              "scale": 0.88
            },
            {
              "x": -25.25,
              "z": 39.1,
              "type": 1,
              "scale": 1.08
            },
            {
              "x": -25,
              "z": 61,
              "type": 5,
              "scale": 1
            },
            {
              "x": 26.7,
              "z": 27,
              "type": 0,
              "scale": 1.22
            },
            {
              "x": 25.1,
              "z": 31,
              "type": 2,
              "scale": 1.12
            },
            {
              "x": 24.3,
              "z": 37,
              "type": 1,
              "scale": 0.88
            },
            {
              "x": 25.25,
              "z": 39.1,
              "type": 1,
              "scale": 1.08
            },
            {
              "x": 25,
              "z": 61,
              "type": 5,
              "scale": 1
            }
          ]
        },
        "scenery75Triangles": 283452
      },
      "energy": {
        "visible": false,
        "value": 100,
        "fill": 100,
        "stamina": 1,
        "rank": "1",
        "time": "2:50",
        "label": "3.0초 달리기"
      }
    },
    {
      "name": "section-probe-04-default-camera-21",
      "kind": "section-waypoint",
      "section": 4,
      "sectionName": "데굴데굴 도넛마당",
      "player": {
        "x": 0,
        "y": 87.075,
        "z": 468,
        "yaw": 3.141592653589793,
        "pitch": -0.22
      },
      "camera": {
        "x": 7.648830000760271e-16,
        "y": 90.02166958771757,
        "z": 461.75425632428414,
        "fov": 70
      },
      "potentiallyVisibleHazards": [
        {
          "id": "rock2",
          "kind": "rock",
          "width": 35,
          "height": 44.1,
          "fullyInFrame": true,
          "distance": 77.7
        },
        {
          "id": "rock3",
          "kind": "rock",
          "width": 55.2,
          "height": 59.9,
          "fullyInFrame": true,
          "distance": 49.2
        },
        {
          "id": "rock4",
          "kind": "rock",
          "width": 104.9,
          "height": 105.5,
          "fullyInFrame": true,
          "distance": 19.7
        }
      ],
      "calls": 64,
      "triangles": 700790,
      "memory": {
        "geometries": 144,
        "textures": 23
      },
      "programs": 40,
      "raceArt": {
        "materials": 3,
        "textures": 2,
        "visibleDraws": 12,
        "visibleTriangles": 195644,
        "instances": 218,
        "overflow": 0,
        "smallDecor76": {
          "count": 68,
          "triangles": 49524,
          "types": [
            13,
            16,
            14,
            11,
            12,
            2
          ]
        },
        "startDecor76": {
          "count": 10,
          "triangles": 6056,
          "placements": [
            {
              "x": -26.7,
              "z": 27,
              "type": 0,
              "scale": 1.22
            },
            {
              "x": -25.1,
              "z": 31,
              "type": 2,
              "scale": 1.12
            },
            {
              "x": -24.3,
              "z": 37,
              "type": 1,
              "scale": 0.88
            },
            {
              "x": -25.25,
              "z": 39.1,
              "type": 1,
              "scale": 1.08
            },
            {
              "x": -25,
              "z": 61,
              "type": 5,
              "scale": 1
            },
            {
              "x": 26.7,
              "z": 27,
              "type": 0,
              "scale": 1.22
            },
            {
              "x": 25.1,
              "z": 31,
              "type": 2,
              "scale": 1.12
            },
            {
              "x": 24.3,
              "z": 37,
              "type": 1,
              "scale": 0.88
            },
            {
              "x": 25.25,
              "z": 39.1,
              "type": 1,
              "scale": 1.08
            },
            {
              "x": 25,
              "z": 61,
              "type": 5,
              "scale": 1
            }
          ]
        },
        "scenery75Triangles": 283452
      },
      "energy": {
        "visible": false,
        "value": 100,
        "fill": 100,
        "stamina": 1,
        "rank": "1",
        "time": "2:50",
        "label": "3.0초 달리기"
      }
    },
    {
      "name": "section-probe-05-default-camera-21",
      "kind": "section-waypoint",
      "section": 5,
      "sectionName": "출렁출렁 구름다리",
      "player": {
        "x": 0,
        "y": 117.075,
        "z": 578,
        "yaw": 3.141592653589793,
        "pitch": -0.22
      },
      "camera": {
        "x": 7.648830000760271e-16,
        "y": 120.02166958771757,
        "z": 571.7542563242841,
        "fov": 70
      },
      "potentiallyVisibleHazards": [
        {
          "id": "slide0:0",
          "kind": "punch",
          "width": 28,
          "height": 28.4,
          "fullyInFrame": true,
          "distance": 125.4
        },
        {
          "id": "slide0:2",
          "kind": "punch",
          "width": 26.3,
          "height": 28.4,
          "fullyInFrame": true,
          "distance": 125
        },
        {
          "id": "slide0:3",
          "kind": "punch",
          "width": 28,
          "height": 28.4,
          "fullyInFrame": true,
          "distance": 125.4
        }
      ],
      "calls": 62,
      "triangles": 685104,
      "memory": {
        "geometries": 144,
        "textures": 23
      },
      "programs": 40,
      "raceArt": {
        "materials": 3,
        "textures": 2,
        "visibleDraws": 11,
        "visibleTriangles": 187801,
        "instances": 56,
        "overflow": 0,
        "smallDecor76": {
          "count": 68,
          "triangles": 49524,
          "types": [
            13,
            16,
            14,
            11,
            12,
            2
          ]
        },
        "startDecor76": {
          "count": 10,
          "triangles": 6056,
          "placements": [
            {
              "x": -26.7,
              "z": 27,
              "type": 0,
              "scale": 1.22
            },
            {
              "x": -25.1,
              "z": 31,
              "type": 2,
              "scale": 1.12
            },
            {
              "x": -24.3,
              "z": 37,
              "type": 1,
              "scale": 0.88
            },
            {
              "x": -25.25,
              "z": 39.1,
              "type": 1,
              "scale": 1.08
            },
            {
              "x": -25,
              "z": 61,
              "type": 5,
              "scale": 1
            },
            {
              "x": 26.7,
              "z": 27,
              "type": 0,
              "scale": 1.22
            },
            {
              "x": 25.1,
              "z": 31,
              "type": 2,
              "scale": 1.12
            },
            {
              "x": 24.3,
              "z": 37,
              "type": 1,
              "scale": 0.88
            },
            {
              "x": 25.25,
              "z": 39.1,
              "type": 1,
              "scale": 1.08
            },
            {
              "x": 25,
              "z": 61,
              "type": 5,
              "scale": 1
            }
          ]
        },
        "scenery75Triangles": 283452
      },
      "energy": {
        "visible": false,
        "value": 100,
        "fill": 100,
        "stamina": 1,
        "rank": "1",
        "time": "2:50",
        "label": "3.0초 달리기"
      }
    },
    {
      "name": "section-probe-06-default-camera-21",
      "kind": "section-waypoint",
      "section": 6,
      "sectionName": "무지개 미끄럼",
      "player": {
        "x": 0,
        "y": 117.075,
        "z": 680,
        "yaw": 3.141592653589793,
        "pitch": -0.22
      },
      "camera": {
        "x": 7.648830000760271e-16,
        "y": 120.02166958771757,
        "z": 673.7542563242841,
        "fov": 70
      },
      "potentiallyVisibleHazards": [
        {
          "id": "slide0:0",
          "kind": "punch",
          "width": 161,
          "height": 134.9,
          "fullyInFrame": true,
          "distance": 25.2
        },
        {
          "id": "slide0:2",
          "kind": "punch",
          "width": 129.4,
          "height": 134.9,
          "fullyInFrame": true,
          "distance": 23.2
        },
        {
          "id": "slide0:3",
          "kind": "punch",
          "width": 161,
          "height": 134.9,
          "fullyInFrame": true,
          "distance": 25.2
        },
        {
          "id": "slide1:0",
          "kind": "punch",
          "width": 83.6,
          "height": 88.4,
          "fullyInFrame": true,
          "distance": 42.2
        },
        {
          "id": "slide1:1",
          "kind": "punch",
          "width": 72.5,
          "height": 88.4,
          "fullyInFrame": true,
          "distance": 41.1
        },
        {
          "id": "slide1:3",
          "kind": "punch",
          "width": 83.6,
          "height": 88.4,
          "fullyInFrame": true,
          "distance": 42.2
        },
        {
          "id": "slide2:0",
          "kind": "punch",
          "width": 55.9,
          "height": 65.6,
          "fullyInFrame": true,
          "distance": 59.9
        },
        {
          "id": "slide2:2",
          "kind": "punch",
          "width": 50.3,
          "height": 65.6,
          "fullyInFrame": true,
          "distance": 59.1
        },
        {
          "id": "slide2:3",
          "kind": "punch",
          "width": 55.9,
          "height": 65.6,
          "fullyInFrame": true,
          "distance": 59.9
        },
        {
          "id": "finalGate-11",
          "kind": "punch",
          "width": 15.7,
          "height": 26.6,
          "fullyInFrame": true,
          "distance": 111.5
        },
        {
          "id": "finalGate11",
          "kind": "punch",
          "width": 15.7,
          "height": 26.6,
          "fullyInFrame": true,
          "distance": 111.5
        }
      ],
      "calls": 60,
      "triangles": 732354,
      "memory": {
        "geometries": 144,
        "textures": 23
      },
      "programs": 40,
      "raceArt": {
        "materials": 3,
        "textures": 2,
        "visibleDraws": 10,
        "visibleTriangles": 211426,
        "instances": 104,
        "overflow": 0,
        "smallDecor76": {
          "count": 68,
          "triangles": 49524,
          "types": [
            13,
            16,
            14,
            11,
            12,
            2
          ]
        },
        "startDecor76": {
          "count": 10,
          "triangles": 6056,
          "placements": [
            {
              "x": -26.7,
              "z": 27,
              "type": 0,
              "scale": 1.22
            },
            {
              "x": -25.1,
              "z": 31,
              "type": 2,
              "scale": 1.12
            },
            {
              "x": -24.3,
              "z": 37,
              "type": 1,
              "scale": 0.88
            },
            {
              "x": -25.25,
              "z": 39.1,
              "type": 1,
              "scale": 1.08
            },
            {
              "x": -25,
              "z": 61,
              "type": 5,
              "scale": 1
            },
            {
              "x": 26.7,
              "z": 27,
              "type": 0,
              "scale": 1.22
            },
            {
              "x": 25.1,
              "z": 31,
              "type": 2,
              "scale": 1.12
            },
            {
              "x": 24.3,
              "z": 37,
              "type": 1,
              "scale": 0.88
            },
            {
              "x": 25.25,
              "z": 39.1,
              "type": 1,
              "scale": 1.08
            },
            {
              "x": 25,
              "z": 61,
              "type": 5,
              "scale": 1
            }
          ]
        },
        "scenery75Triangles": 283452
      },
      "energy": {
        "visible": false,
        "value": 100,
        "fill": 100,
        "stamina": 1,
        "rank": "1",
        "time": "2:50",
        "label": "3.0초 달리기"
      }
    },
    {
      "name": "section-probe-07-default-camera-21",
      "kind": "section-waypoint",
      "section": 7,
      "sectionName": "별빛 대도약",
      "player": {
        "x": 0,
        "y": 87.075,
        "z": 770,
        "yaw": 3.141592653589793,
        "pitch": -0.22
      },
      "camera": {
        "x": 7.648830000760271e-16,
        "y": 90.02166958771757,
        "z": 763.7542563242841,
        "fov": 70
      },
      "potentiallyVisibleHazards": [
        {
          "id": "finalGate-11",
          "kind": "punch",
          "width": 99.8,
          "height": 117.7,
          "fullyInFrame": true,
          "distance": 23.7
        },
        {
          "id": "finalGate11",
          "kind": "punch",
          "width": 99.8,
          "height": 117.7,
          "fullyInFrame": true,
          "distance": 23.7
        }
      ],
      "calls": 60,
      "triangles": 628762,
      "memory": {
        "geometries": 144,
        "textures": 23
      },
      "programs": 40,
      "raceArt": {
        "materials": 3,
        "textures": 2,
        "visibleDraws": 10,
        "visibleTriangles": 159630,
        "instances": 96,
        "overflow": 0,
        "smallDecor76": {
          "count": 68,
          "triangles": 49524,
          "types": [
            13,
            16,
            14,
            11,
            12,
            2
          ]
        },
        "startDecor76": {
          "count": 10,
          "triangles": 6056,
          "placements": [
            {
              "x": -26.7,
              "z": 27,
              "type": 0,
              "scale": 1.22
            },
            {
              "x": -25.1,
              "z": 31,
              "type": 2,
              "scale": 1.12
            },
            {
              "x": -24.3,
              "z": 37,
              "type": 1,
              "scale": 0.88
            },
            {
              "x": -25.25,
              "z": 39.1,
              "type": 1,
              "scale": 1.08
            },
            {
              "x": -25,
              "z": 61,
              "type": 5,
              "scale": 1
            },
            {
              "x": 26.7,
              "z": 27,
              "type": 0,
              "scale": 1.22
            },
            {
              "x": 25.1,
              "z": 31,
              "type": 2,
              "scale": 1.12
            },
            {
              "x": 24.3,
              "z": 37,
              "type": 1,
              "scale": 0.88
            },
            {
              "x": 25.25,
              "z": 39.1,
              "type": 1,
              "scale": 1.08
            },
            {
              "x": 25,
              "z": 61,
              "type": 5,
              "scale": 1
            }
          ]
        },
        "scenery75Triangles": 283452
      },
      "energy": {
        "visible": false,
        "value": 100,
        "fill": 100,
        "stamina": 1,
        "rank": "1",
        "time": "2:50",
        "label": "3.0초 달리기"
      }
    },
    {
      "name": "material-probe-first-punch-default-camera",
      "kind": "material-waypoint",
      "target": "start4",
      "player": {
        "x": -4.538461538461538,
        "y": 87,
        "z": -1.5999999999999996,
        "yaw": 3.141592653589793,
        "pitch": -0.22
      },
      "camera": {
        "x": -4.538461538461537,
        "y": 89.94666958771757,
        "z": -7.845743675715875,
        "fov": 70
      },
      "potentiallyVisibleHazards": [
        {
          "id": "start0",
          "kind": "punch",
          "width": 267.5,
          "height": 254.3,
          "fullyInFrame": true,
          "distance": 20.3
        },
        {
          "id": "start1",
          "kind": "punch",
          "width": 81.3,
          "height": 108,
          "fullyInFrame": true,
          "distance": 38.5
        },
        {
          "id": "start2",
          "kind": "punch",
          "width": 50.4,
          "height": 75.8,
          "fullyInFrame": true,
          "distance": 54.4
        },
        {
          "id": "start3",
          "kind": "punch",
          "width": 35.9,
          "height": 58.3,
          "fullyInFrame": true,
          "distance": 70.9
        },
        {
          "id": "start4",
          "kind": "punch",
          "width": 157.2,
          "height": 254.3,
          "fullyInFrame": true,
          "distance": 13.9
        },
        {
          "id": "start5",
          "kind": "punch",
          "width": 62.9,
          "height": 108,
          "fullyInFrame": true,
          "distance": 36.6
        },
        {
          "id": "start6",
          "kind": "punch",
          "width": 44.6,
          "height": 75.8,
          "fullyInFrame": true,
          "distance": 53.7
        },
        {
          "id": "start7",
          "kind": "punch",
          "width": 35.9,
          "height": 58.3,
          "fullyInFrame": true,
          "distance": 70.9
        },
        {
          "id": "start8",
          "kind": "punch",
          "width": 212.6,
          "height": 254.3,
          "fullyInFrame": true,
          "distance": 16.3
        },
        {
          "id": "start9",
          "kind": "punch",
          "width": 81.3,
          "height": 108,
          "fullyInFrame": true,
          "distance": 38.5
        },
        {
          "id": "start10",
          "kind": "punch",
          "width": 56.2,
          "height": 75.8,
          "fullyInFrame": true,
          "distance": 55.7
        },
        {
          "id": "start11",
          "kind": "punch",
          "width": 42.9,
          "height": 58.3,
          "fullyInFrame": true,
          "distance": 72.9
        },
        {
          "id": "start12",
          "kind": "punch",
          "width": 207.3,
          "height": 254.3,
          "fullyInFrame": false,
          "distance": 25.1
        },
        {
          "id": "start13",
          "kind": "punch",
          "width": 104.2,
          "height": 108,
          "fullyInFrame": true,
          "distance": 43.8
        },
        {
          "id": "jellyGate0:0",
          "kind": "punch",
          "width": 71.3,
          "height": 94.4,
          "fullyInFrame": true,
          "distance": 45.8
        },
        {
          "id": "jellyGate0:1",
          "kind": "punch",
          "width": 60.6,
          "height": 94.4,
          "fullyInFrame": true,
          "distance": 44.1
        },
        {
          "id": "jellyGate0:2",
          "kind": "punch",
          "width": 54.7,
          "height": 94.4,
          "fullyInFrame": true,
          "distance": 43.6
        },
        {
          "id": "jellyGate0:3",
          "kind": "punch",
          "width": 63.2,
          "height": 94.4,
          "fullyInFrame": true,
          "distance": 44.4
        },
        {
          "id": "jellyGate0:4",
          "kind": "punch",
          "width": 74,
          "height": 94.4,
          "fullyInFrame": true,
          "distance": 46.4
        },
        {
          "id": "jellyGate0:5",
          "kind": "punch",
          "width": 84.2,
          "height": 94.4,
          "fullyInFrame": true,
          "distance": 49.3
        },
        {
          "id": "jellyGate1:0",
          "kind": "punch",
          "width": 47.5,
          "height": 67.2,
          "fullyInFrame": true,
          "distance": 64.2
        },
        {
          "id": "jellyGate1:1",
          "kind": "punch",
          "width": 42,
          "height": 67.2,
          "fullyInFrame": true,
          "distance": 63
        },
        {
          "id": "jellyGate1:2",
          "kind": "punch",
          "width": 38.7,
          "height": 67.2,
          "fullyInFrame": true,
          "distance": 62.6
        },
        {
          "id": "jellyGate1:3",
          "kind": "punch",
          "width": 43,
          "height": 67.2,
          "fullyInFrame": true,
          "distance": 63.1
        },
        {
          "id": "jellyGate1:4",
          "kind": "punch",
          "width": 48.6,
          "height": 67.2,
          "fullyInFrame": true,
          "distance": 64.5
        },
        {
          "id": "jellyGate1:5",
          "kind": "punch",
          "width": 54.2,
          "height": 67.2,
          "fullyInFrame": true,
          "distance": 66.8
        },
        {
          "id": "candy0",
          "kind": "bar",
          "width": 55.2,
          "height": 16.8,
          "fullyInFrame": true,
          "distance": 109.7
        },
        {
          "id": "candyEdge0:-1:-6",
          "kind": "punch",
          "width": 26.2,
          "height": 26.1,
          "fullyInFrame": true,
          "distance": 104.9
        },
        {
          "id": "candyEdge0:-1:6",
          "kind": "punch",
          "width": 23.3,
          "height": 23.5,
          "fullyInFrame": true,
          "distance": 116.8
        },
        {
          "id": "candyEdge0:1:-6",
          "kind": "punch",
          "width": 28.5,
          "height": 26.1,
          "fullyInFrame": true,
          "distance": 106.7
        },
        {
          "id": "candyEdge0:1:6",
          "kind": "punch",
          "width": 25.1,
          "height": 23.5,
          "fullyInFrame": true,
          "distance": 118.4
        },
        {
          "id": "candy1",
          "kind": "bar",
          "width": 80.5,
          "height": 14.5,
          "fullyInFrame": true,
          "distance": 124.2
        },
        {
          "id": "candyEdge1:-1:-6",
          "kind": "punch",
          "width": 22.8,
          "height": 23.1,
          "fullyInFrame": true,
          "distance": 118.7
        },
        {
          "id": "candyEdge1:1:-6",
          "kind": "punch",
          "width": 24.6,
          "height": 23.1,
          "fullyInFrame": true,
          "distance": 120.3
        }
      ],
      "calls": 174,
      "triangles": 1441042,
      "memory": {
        "geometries": 144,
        "textures": 23
      },
      "programs": 40,
      "raceArt": {
        "materials": 3,
        "textures": 2,
        "visibleDraws": 11,
        "visibleTriangles": 183052,
        "instances": 151,
        "overflow": 0,
        "smallDecor76": {
          "count": 68,
          "triangles": 49524,
          "types": [
            13,
            16,
            14,
            11,
            12,
            2
          ]
        },
        "startDecor76": {
          "count": 10,
          "triangles": 6056,
          "placements": [
            {
              "x": -26.7,
              "z": 27,
              "type": 0,
              "scale": 1.22
            },
            {
              "x": -25.1,
              "z": 31,
              "type": 2,
              "scale": 1.12
            },
            {
              "x": -24.3,
              "z": 37,
              "type": 1,
              "scale": 0.88
            },
            {
              "x": -25.25,
              "z": 39.1,
              "type": 1,
              "scale": 1.08
            },
            {
              "x": -25,
              "z": 61,
              "type": 5,
              "scale": 1
            },
            {
              "x": 26.7,
              "z": 27,
              "type": 0,
              "scale": 1.22
            },
            {
              "x": 25.1,
              "z": 31,
              "type": 2,
              "scale": 1.12
            },
            {
              "x": 24.3,
              "z": 37,
              "type": 1,
              "scale": 0.88
            },
            {
              "x": 25.25,
              "z": 39.1,
              "type": 1,
              "scale": 1.08
            },
            {
              "x": 25,
              "z": 61,
              "type": 5,
              "scale": 1
            }
          ]
        },
        "scenery75Triangles": 283452
      },
      "energy": {
        "visible": false,
        "value": 100,
        "fill": 100,
        "stamina": 1,
        "rank": "1",
        "time": "2:50",
        "label": "3.0초 달리기"
      }
    }
  ],
  "events": [
    {
      "kind": "hit",
      "seconds": 3.9833333333333334,
      "x": 0.01435647170782189,
      "z": 49.90659170018137
    },
    {
      "kind": "hit",
      "seconds": 5.266666666666667,
      "x": -0.11098093954427905,
      "z": 49.8562118126732
    },
    {
      "kind": "hit",
      "seconds": 6.566666666666666,
      "x": 0.026811134053774287,
      "z": 49.86836916270611
    },
    {
      "kind": "hit",
      "seconds": 7.866666666666666,
      "x": 0.10624680374702525,
      "z": 49.44923072521691
    },
    {
      "kind": "hit",
      "seconds": 9.166666666666666,
      "x": 0.003100310730768895,
      "z": 49.89714922927258
    }
  ],
  "progress": 61.987026104007256,
  "maxViewChange": 0,
  "pointerLocked": false,
  "font": {
    "faces": [
      {
        "family": "CloudRaceTitle",
        "status": "loaded"
      }
    ],
    "draws": [
      {
        "text": "00",
        "font": "41px CloudRaceTitle, \"Malgun Gothic\", sans-serif",
        "loaded": true
      },
      {
        "text": "통통 범퍼숲",
        "font": "43px CloudRaceTitle, \"Malgun Gothic\", sans-serif",
        "loaded": true
      },
      {
        "text": "01",
        "font": "41px CloudRaceTitle, \"Malgun Gothic\", sans-serif",
        "loaded": true
      },
      {
        "text": "빙글빙글 캔디마당",
        "font": "43px CloudRaceTitle, \"Malgun Gothic\", sans-serif",
        "loaded": true
      },
      {
        "text": "02",
        "font": "41px CloudRaceTitle, \"Malgun Gothic\", sans-serif",
        "loaded": true
      },
      {
        "text": "통통 도넛섬",
        "font": "43px CloudRaceTitle, \"Malgun Gothic\", sans-serif",
        "loaded": true
      },
      {
        "text": "03",
        "font": "41px CloudRaceTitle, \"Malgun Gothic\", sans-serif",
        "loaded": true
      },
      {
        "text": "데굴데굴 도넛마당",
        "font": "43px CloudRaceTitle, \"Malgun Gothic\", sans-serif",
        "loaded": true
      },
      {
        "text": "04",
        "font": "41px CloudRaceTitle, \"Malgun Gothic\", sans-serif",
        "loaded": true
      },
      {
        "text": "출렁출렁 구름다리",
        "font": "43px CloudRaceTitle, \"Malgun Gothic\", sans-serif",
        "loaded": true
      },
      {
        "text": "05",
        "font": "41px CloudRaceTitle, \"Malgun Gothic\", sans-serif",
        "loaded": true
      },
      {
        "text": "무지개 미끄럼",
        "font": "43px CloudRaceTitle, \"Malgun Gothic\", sans-serif",
        "loaded": true
      },
      {
        "text": "06",
        "font": "41px CloudRaceTitle, \"Malgun Gothic\", sans-serif",
        "loaded": true
      },
      {
        "text": "별빛 대도약",
        "font": "43px CloudRaceTitle, \"Malgun Gothic\", sans-serif",
        "loaded": true
      },
      {
        "text": "골인",
        "font": "41px CloudRaceTitle, \"Malgun Gothic\", sans-serif",
        "loaded": true
      },
      {
        "text": "구름 운동회",
        "font": "43px CloudRaceTitle, \"Malgun Gothic\", sans-serif",
        "loaded": true
      },
      {
        "text": "출발",
        "font": "41px CloudRaceTitle, \"Malgun Gothic\", sans-serif",
        "loaded": true
      },
      {
        "text": "통통! 구름 운동회",
        "font": "41px CloudRaceTitle, \"Malgun Gothic\", sans-serif",
        "loaded": true
      },
      {
        "text": "SPACE · 눌러서 도약",
        "font": "45px CloudRaceTitle, \"Malgun Gothic\", sans-serif",
        "loaded": true
      }
    ],
    "externalFontsBlocked": true
  },
  "capsules": [
    {
      "shot": "start-default-camera-21",
      "id": "start1",
      "renderedTop": 95.00000143051147,
      "colliderTop": 95,
      "aligned": true
    },
    {
      "shot": "start-default-camera-21",
      "id": "start4",
      "renderedTop": 95.00000143051147,
      "colliderTop": 95,
      "aligned": true
    },
    {
      "shot": "start-default-camera-21",
      "id": "start7",
      "renderedTop": 95.00000143051147,
      "colliderTop": 95,
      "aligned": true
    },
    {
      "shot": "start-default-camera-21",
      "id": "start10",
      "renderedTop": 95.00000143051147,
      "colliderTop": 95,
      "aligned": true
    },
    {
      "shot": "start-default-camera-21",
      "id": "start12",
      "renderedTop": 95.00000143051147,
      "colliderTop": 95,
      "aligned": true
    },
    {
      "shot": "start-default-camera-21",
      "id": "jellyGate0:2",
      "renderedTop": 95.20000314712524,
      "colliderTop": 95.19999999999999,
      "aligned": true
    },
    {
      "shot": "start-default-camera-21",
      "id": "jellyGate0:5",
      "renderedTop": 95.20000314712524,
      "colliderTop": 95.19999999999999,
      "aligned": true
    },
    {
      "shot": "start-default-camera-21",
      "id": "jellyGate1:2",
      "renderedTop": 95.20000314712524,
      "colliderTop": 95.19999999999999,
      "aligned": true
    },
    {
      "shot": "start-default-camera-21",
      "id": "jellyGate1:5",
      "renderedTop": 95.20000314712524,
      "colliderTop": 95.19999999999999,
      "aligned": true
    },
    {
      "shot": "run-2s-default-camera-21",
      "id": "start1",
      "renderedTop": 95.00000143051147,
      "colliderTop": 95,
      "aligned": true
    },
    {
      "shot": "run-2s-default-camera-21",
      "id": "start4",
      "renderedTop": 95.00000143051147,
      "colliderTop": 95,
      "aligned": true
    },
    {
      "shot": "run-2s-default-camera-21",
      "id": "start7",
      "renderedTop": 95.00000143051147,
      "colliderTop": 95,
      "aligned": true
    },
    {
      "shot": "run-2s-default-camera-21",
      "id": "start10",
      "renderedTop": 95.00000143051147,
      "colliderTop": 95,
      "aligned": true
    },
    {
      "shot": "run-2s-default-camera-21",
      "id": "start12",
      "renderedTop": 95.00000143051147,
      "colliderTop": 95,
      "aligned": true
    },
    {
      "shot": "run-2s-default-camera-21",
      "id": "jellyGate0:2",
      "renderedTop": 95.20000314712524,
      "colliderTop": 95.19999999999999,
      "aligned": true
    },
    {
      "shot": "run-2s-default-camera-21",
      "id": "jellyGate0:5",
      "renderedTop": 95.20000314712524,
      "colliderTop": 95.19999999999999,
      "aligned": true
    },
    {
      "shot": "run-2s-default-camera-21",
      "id": "jellyGate1:2",
      "renderedTop": 95.20000314712524,
      "colliderTop": 95.19999999999999,
      "aligned": true
    },
    {
      "shot": "run-2s-default-camera-21",
      "id": "jellyGate1:5",
      "renderedTop": 95.20000314712524,
      "colliderTop": 95.19999999999999,
      "aligned": true
    },
    {
      "shot": "run-5s-default-camera-21",
      "id": "start1",
      "renderedTop": 95.00000143051147,
      "colliderTop": 95,
      "aligned": true
    },
    {
      "shot": "run-5s-default-camera-21",
      "id": "start4",
      "renderedTop": 95.00000143051147,
      "colliderTop": 95,
      "aligned": true
    },
    {
      "shot": "run-5s-default-camera-21",
      "id": "start7",
      "renderedTop": 95.00000143051147,
      "colliderTop": 95,
      "aligned": true
    },
    {
      "shot": "run-5s-default-camera-21",
      "id": "start10",
      "renderedTop": 95.00000143051147,
      "colliderTop": 95,
      "aligned": true
    },
    {
      "shot": "run-5s-default-camera-21",
      "id": "start12",
      "renderedTop": 95.00000143051147,
      "colliderTop": 95,
      "aligned": true
    },
    {
      "shot": "run-5s-default-camera-21",
      "id": "jellyGate0:2",
      "renderedTop": 95.20000314712524,
      "colliderTop": 95.19999999999999,
      "aligned": true
    },
    {
      "shot": "run-5s-default-camera-21",
      "id": "jellyGate0:5",
      "renderedTop": 95.20000314712524,
      "colliderTop": 95.19999999999999,
      "aligned": true
    },
    {
      "shot": "run-5s-default-camera-21",
      "id": "jellyGate1:2",
      "renderedTop": 95.20000314712524,
      "colliderTop": 95.19999999999999,
      "aligned": true
    },
    {
      "shot": "run-5s-default-camera-21",
      "id": "jellyGate1:5",
      "renderedTop": 95.20000314712524,
      "colliderTop": 95.19999999999999,
      "aligned": true
    },
    {
      "shot": "run-10s-default-camera-21",
      "id": "start1",
      "renderedTop": 95.00000143051147,
      "colliderTop": 95,
      "aligned": true
    },
    {
      "shot": "run-10s-default-camera-21",
      "id": "start4",
      "renderedTop": 95.00000143051147,
      "colliderTop": 95,
      "aligned": true
    },
    {
      "shot": "run-10s-default-camera-21",
      "id": "start7",
      "renderedTop": 95.00000143051147,
      "colliderTop": 95,
      "aligned": true
    },
    {
      "shot": "run-10s-default-camera-21",
      "id": "start10",
      "renderedTop": 95.00000143051147,
      "colliderTop": 95,
      "aligned": true
    },
    {
      "shot": "run-10s-default-camera-21",
      "id": "start12",
      "renderedTop": 95.00000143051147,
      "colliderTop": 95,
      "aligned": true
    },
    {
      "shot": "run-10s-default-camera-21",
      "id": "jellyGate0:2",
      "renderedTop": 95.20000314712524,
      "colliderTop": 95.19999999999999,
      "aligned": true
    },
    {
      "shot": "run-10s-default-camera-21",
      "id": "jellyGate0:5",
      "renderedTop": 95.20000314712524,
      "colliderTop": 95.19999999999999,
      "aligned": true
    },
    {
      "shot": "run-10s-default-camera-21",
      "id": "jellyGate1:2",
      "renderedTop": 95.20000314712524,
      "colliderTop": 95.19999999999999,
      "aligned": true
    },
    {
      "shot": "run-10s-default-camera-21",
      "id": "jellyGate1:5",
      "renderedTop": 95.20000314712524,
      "colliderTop": 95.19999999999999,
      "aligned": true
    },
    {
      "shot": "section-probe-01-default-camera-21",
      "id": "start1",
      "renderedTop": 95.00000143051147,
      "colliderTop": 95,
      "aligned": true
    },
    {
      "shot": "section-probe-01-default-camera-21",
      "id": "start4",
      "renderedTop": 95.00000143051147,
      "colliderTop": 95,
      "aligned": true
    },
    {
      "shot": "section-probe-01-default-camera-21",
      "id": "start7",
      "renderedTop": 95.00000143051147,
      "colliderTop": 95,
      "aligned": true
    },
    {
      "shot": "section-probe-01-default-camera-21",
      "id": "start10",
      "renderedTop": 95.00000143051147,
      "colliderTop": 95,
      "aligned": true
    },
    {
      "shot": "section-probe-01-default-camera-21",
      "id": "start12",
      "renderedTop": 95.00000143051147,
      "colliderTop": 95,
      "aligned": true
    },
    {
      "shot": "section-probe-01-default-camera-21",
      "id": "jellyGate0:2",
      "renderedTop": 95.20000314712524,
      "colliderTop": 95.19999999999999,
      "aligned": true
    },
    {
      "shot": "section-probe-01-default-camera-21",
      "id": "jellyGate0:5",
      "renderedTop": 95.20000314712524,
      "colliderTop": 95.19999999999999,
      "aligned": true
    },
    {
      "shot": "section-probe-01-default-camera-21",
      "id": "jellyGate1:2",
      "renderedTop": 95.20000314712524,
      "colliderTop": 95.19999999999999,
      "aligned": true
    },
    {
      "shot": "section-probe-01-default-camera-21",
      "id": "jellyGate1:5",
      "renderedTop": 95.20000314712524,
      "colliderTop": 95.19999999999999,
      "aligned": true
    },
    {
      "shot": "section-probe-02-default-camera-21",
      "id": "start1",
      "renderedTop": 95.00000143051147,
      "colliderTop": 95,
      "aligned": true
    },
    {
      "shot": "section-probe-02-default-camera-21",
      "id": "start4",
      "renderedTop": 95.00000143051147,
      "colliderTop": 95,
      "aligned": true
    },
    {
      "shot": "section-probe-02-default-camera-21",
      "id": "start7",
      "renderedTop": 95.00000143051147,
      "colliderTop": 95,
      "aligned": true
    },
    {
      "shot": "section-probe-02-default-camera-21",
      "id": "start10",
      "renderedTop": 95.00000143051147,
      "colliderTop": 95,
      "aligned": true
    },
    {
      "shot": "section-probe-02-default-camera-21",
      "id": "start12",
      "renderedTop": 95.00000143051147,
      "colliderTop": 95,
      "aligned": true
    },
    {
      "shot": "section-probe-02-default-camera-21",
      "id": "jellyGate0:2",
      "renderedTop": 95.20000314712524,
      "colliderTop": 95.19999999999999,
      "aligned": true
    },
    {
      "shot": "section-probe-02-default-camera-21",
      "id": "jellyGate0:5",
      "renderedTop": 95.20000314712524,
      "colliderTop": 95.19999999999999,
      "aligned": true
    },
    {
      "shot": "section-probe-02-default-camera-21",
      "id": "jellyGate1:2",
      "renderedTop": 95.20000314712524,
      "colliderTop": 95.19999999999999,
      "aligned": true
    },
    {
      "shot": "section-probe-02-default-camera-21",
      "id": "jellyGate1:5",
      "renderedTop": 95.20000314712524,
      "colliderTop": 95.19999999999999,
      "aligned": true
    },
    {
      "shot": "section-probe-03-default-camera-21",
      "id": "donut9:0",
      "renderedTop": 91.9000015258789,
      "colliderTop": 91.9,
      "aligned": true
    },
    {
      "shot": "section-probe-03-default-camera-21",
      "id": "donut9:1",
      "renderedTop": 91.9000015258789,
      "colliderTop": 91.9,
      "aligned": true
    },
    {
      "shot": "section-probe-03-default-camera-21",
      "id": "donut9:2",
      "renderedTop": 91.9000015258789,
      "colliderTop": 91.9,
      "aligned": true
    },
    {
      "shot": "section-probe-03-default-camera-21",
      "id": "donut9:3",
      "renderedTop": 91.9000015258789,
      "colliderTop": 91.9,
      "aligned": true
    },
    {
      "shot": "section-probe-03-default-camera-21",
      "id": "donutInner9:0",
      "renderedTop": 92.4000015258789,
      "colliderTop": 92.4,
      "aligned": true
    },
    {
      "shot": "section-probe-03-default-camera-21",
      "id": "donutInner9:1",
      "renderedTop": 92.39999842643738,
      "colliderTop": 92.4,
      "aligned": true
    },
    {
      "shot": "section-probe-03-default-camera-21",
      "id": "donutInner9:2",
      "renderedTop": 92.39999997615814,
      "colliderTop": 92.4,
      "aligned": true
    },
    {
      "shot": "section-probe-03-default-camera-21",
      "id": "donutInner9:3",
      "renderedTop": 92.3999969959259,
      "colliderTop": 92.4,
      "aligned": true
    },
    {
      "shot": "section-probe-03-default-camera-21",
      "id": "donutInner9:4",
      "renderedTop": 92.39999842643738,
      "colliderTop": 92.4,
      "aligned": true
    },
    {
      "shot": "section-probe-03-default-camera-21",
      "id": "donutInner9:5",
      "renderedTop": 92.3999969959259,
      "colliderTop": 92.4,
      "aligned": true
    },
    {
      "shot": "section-probe-03-default-camera-21",
      "id": "donutInner9:6",
      "renderedTop": 92.39999997615814,
      "colliderTop": 92.4,
      "aligned": true
    },
    {
      "shot": "section-probe-03-default-camera-21",
      "id": "donutInner9:7",
      "renderedTop": 92.39999842643738,
      "colliderTop": 92.4,
      "aligned": true
    },
    {
      "shot": "section-probe-03-default-camera-21",
      "id": "donut10:0",
      "renderedTop": 91.9000015258789,
      "colliderTop": 91.9,
      "aligned": true
    },
    {
      "shot": "section-probe-03-default-camera-21",
      "id": "donut10:1",
      "renderedTop": 91.9000015258789,
      "colliderTop": 91.9,
      "aligned": true
    },
    {
      "shot": "section-probe-03-default-camera-21",
      "id": "donut10:2",
      "renderedTop": 91.9000015258789,
      "colliderTop": 91.9,
      "aligned": true
    },
    {
      "shot": "section-probe-03-default-camera-21",
      "id": "donut10:3",
      "renderedTop": 91.9000015258789,
      "colliderTop": 91.9,
      "aligned": true
    },
    {
      "shot": "section-probe-03-default-camera-21",
      "id": "donutInner10:0",
      "renderedTop": 92.4000015258789,
      "colliderTop": 92.4,
      "aligned": true
    },
    {
      "shot": "section-probe-03-default-camera-21",
      "id": "donutInner10:1",
      "renderedTop": 92.39999842643738,
      "colliderTop": 92.4,
      "aligned": true
    },
    {
      "shot": "section-probe-03-default-camera-21",
      "id": "donutInner10:2",
      "renderedTop": 92.39999997615814,
      "colliderTop": 92.4,
      "aligned": true
    },
    {
      "shot": "section-probe-03-default-camera-21",
      "id": "donutInner10:3",
      "renderedTop": 92.3999969959259,
      "colliderTop": 92.4,
      "aligned": true
    },
    {
      "shot": "section-probe-03-default-camera-21",
      "id": "donutInner10:4",
      "renderedTop": 92.39999842643738,
      "colliderTop": 92.4,
      "aligned": true
    },
    {
      "shot": "section-probe-03-default-camera-21",
      "id": "donutInner10:5",
      "renderedTop": 92.3999969959259,
      "colliderTop": 92.4,
      "aligned": true
    },
    {
      "shot": "section-probe-03-default-camera-21",
      "id": "donutInner10:6",
      "renderedTop": 92.39999997615814,
      "colliderTop": 92.4,
      "aligned": true
    },
    {
      "shot": "section-probe-03-default-camera-21",
      "id": "donutInner10:7",
      "renderedTop": 92.39999842643738,
      "colliderTop": 92.4,
      "aligned": true
    },
    {
      "shot": "section-probe-04-default-camera-21",
      "id": "donut11:0",
      "renderedTop": 91.9000015258789,
      "colliderTop": 91.9,
      "aligned": true
    },
    {
      "shot": "section-probe-04-default-camera-21",
      "id": "donut11:1",
      "renderedTop": 91.9000015258789,
      "colliderTop": 91.9,
      "aligned": true
    },
    {
      "shot": "section-probe-04-default-camera-21",
      "id": "donut11:2",
      "renderedTop": 91.9000015258789,
      "colliderTop": 91.9,
      "aligned": true
    },
    {
      "shot": "section-probe-04-default-camera-21",
      "id": "donut11:3",
      "renderedTop": 91.9000015258789,
      "colliderTop": 91.9,
      "aligned": true
    },
    {
      "shot": "section-probe-04-default-camera-21",
      "id": "donutInner11:0",
      "renderedTop": 92.4000015258789,
      "colliderTop": 92.4,
      "aligned": true
    },
    {
      "shot": "section-probe-04-default-camera-21",
      "id": "donutInner11:1",
      "renderedTop": 92.39999842643738,
      "colliderTop": 92.4,
      "aligned": true
    },
    {
      "shot": "section-probe-04-default-camera-21",
      "id": "donutInner11:2",
      "renderedTop": 92.39999997615814,
      "colliderTop": 92.4,
      "aligned": true
    },
    {
      "shot": "section-probe-04-default-camera-21",
      "id": "donutInner11:3",
      "renderedTop": 92.3999969959259,
      "colliderTop": 92.4,
      "aligned": true
    },
    {
      "shot": "section-probe-04-default-camera-21",
      "id": "donutInner11:4",
      "renderedTop": 92.39999842643738,
      "colliderTop": 92.4,
      "aligned": true
    },
    {
      "shot": "section-probe-04-default-camera-21",
      "id": "donutInner11:5",
      "renderedTop": 92.3999969959259,
      "colliderTop": 92.4,
      "aligned": true
    },
    {
      "shot": "section-probe-04-default-camera-21",
      "id": "donutInner11:6",
      "renderedTop": 92.39999997615814,
      "colliderTop": 92.4,
      "aligned": true
    },
    {
      "shot": "section-probe-04-default-camera-21",
      "id": "donutInner11:7",
      "renderedTop": 92.39999842643738,
      "colliderTop": 92.4,
      "aligned": true
    },
    {
      "shot": "section-probe-04-default-camera-21",
      "id": "donut12:0",
      "renderedTop": 91.9000015258789,
      "colliderTop": 91.9,
      "aligned": true
    },
    {
      "shot": "section-probe-04-default-camera-21",
      "id": "donut12:1",
      "renderedTop": 91.9000015258789,
      "colliderTop": 91.9,
      "aligned": true
    },
    {
      "shot": "section-probe-04-default-camera-21",
      "id": "donut12:2",
      "renderedTop": 91.9000015258789,
      "colliderTop": 91.9,
      "aligned": true
    },
    {
      "shot": "section-probe-04-default-camera-21",
      "id": "donut12:3",
      "renderedTop": 91.9000015258789,
      "colliderTop": 91.9,
      "aligned": true
    },
    {
      "shot": "section-probe-04-default-camera-21",
      "id": "donutInner12:0",
      "renderedTop": 92.4000015258789,
      "colliderTop": 92.4,
      "aligned": true
    },
    {
      "shot": "section-probe-04-default-camera-21",
      "id": "donutInner12:1",
      "renderedTop": 92.39999842643738,
      "colliderTop": 92.4,
      "aligned": true
    },
    {
      "shot": "section-probe-04-default-camera-21",
      "id": "donutInner12:2",
      "renderedTop": 92.39999997615814,
      "colliderTop": 92.4,
      "aligned": true
    },
    {
      "shot": "section-probe-04-default-camera-21",
      "id": "donutInner12:3",
      "renderedTop": 92.3999969959259,
      "colliderTop": 92.4,
      "aligned": true
    },
    {
      "shot": "section-probe-04-default-camera-21",
      "id": "donutInner12:4",
      "renderedTop": 92.39999842643738,
      "colliderTop": 92.4,
      "aligned": true
    },
    {
      "shot": "section-probe-04-default-camera-21",
      "id": "donutInner12:5",
      "renderedTop": 92.3999969959259,
      "colliderTop": 92.4,
      "aligned": true
    },
    {
      "shot": "section-probe-04-default-camera-21",
      "id": "donutInner12:6",
      "renderedTop": 92.39999997615814,
      "colliderTop": 92.4,
      "aligned": true
    },
    {
      "shot": "section-probe-04-default-camera-21",
      "id": "donutInner12:7",
      "renderedTop": 92.39999842643738,
      "colliderTop": 92.4,
      "aligned": true
    },
    {
      "shot": "section-probe-05-default-camera-21",
      "id": "slide0:0",
      "renderedTop": 119.0894730091095,
      "colliderTop": 119.0894744873047,
      "aligned": true
    },
    {
      "shot": "section-probe-05-default-camera-21",
      "id": "slide0:2",
      "renderedTop": 119.0894730091095,
      "colliderTop": 119.0894744873047,
      "aligned": true
    },
    {
      "shot": "section-probe-05-default-camera-21",
      "id": "slide0:3",
      "renderedTop": 119.0894730091095,
      "colliderTop": 119.0894744873047,
      "aligned": true
    },
    {
      "shot": "section-probe-06-default-camera-21",
      "id": "slide0:0",
      "renderedTop": 119.0894730091095,
      "colliderTop": 119.0894744873047,
      "aligned": true
    },
    {
      "shot": "section-probe-06-default-camera-21",
      "id": "slide0:2",
      "renderedTop": 119.0894730091095,
      "colliderTop": 119.0894744873047,
      "aligned": true
    },
    {
      "shot": "section-probe-06-default-camera-21",
      "id": "slide0:3",
      "renderedTop": 119.0894730091095,
      "colliderTop": 119.0894744873047,
      "aligned": true
    },
    {
      "shot": "section-probe-06-default-camera-21",
      "id": "slide1:0",
      "renderedTop": 108.00289463996887,
      "colliderTop": 108.00289611816407,
      "aligned": true
    },
    {
      "shot": "section-probe-06-default-camera-21",
      "id": "slide1:1",
      "renderedTop": 108.00289463996887,
      "colliderTop": 108.00289611816407,
      "aligned": true
    },
    {
      "shot": "section-probe-06-default-camera-21",
      "id": "slide1:3",
      "renderedTop": 108.00289463996887,
      "colliderTop": 108.00289611816407,
      "aligned": true
    },
    {
      "shot": "section-probe-06-default-camera-21",
      "id": "slide2:0",
      "renderedTop": 96.47136998176575,
      "colliderTop": 96.47137145996095,
      "aligned": true
    },
    {
      "shot": "section-probe-06-default-camera-21",
      "id": "slide2:2",
      "renderedTop": 96.47136998176575,
      "colliderTop": 96.47137145996095,
      "aligned": true
    },
    {
      "shot": "section-probe-06-default-camera-21",
      "id": "slide2:3",
      "renderedTop": 96.47136998176575,
      "colliderTop": 96.47137145996095,
      "aligned": true
    },
    {
      "shot": "section-probe-06-default-camera-21",
      "id": "finalGate-11",
      "renderedTop": 92.59999692440033,
      "colliderTop": 92.6,
      "aligned": true
    },
    {
      "shot": "section-probe-06-default-camera-21",
      "id": "finalGate11",
      "renderedTop": 92.59999692440033,
      "colliderTop": 92.6,
      "aligned": true
    },
    {
      "shot": "section-probe-07-default-camera-21",
      "id": "slide0:0",
      "renderedTop": 119.0894730091095,
      "colliderTop": 119.0894744873047,
      "aligned": true
    },
    {
      "shot": "section-probe-07-default-camera-21",
      "id": "slide0:2",
      "renderedTop": 119.0894730091095,
      "colliderTop": 119.0894744873047,
      "aligned": true
    },
    {
      "shot": "section-probe-07-default-camera-21",
      "id": "slide0:3",
      "renderedTop": 119.0894730091095,
      "colliderTop": 119.0894744873047,
      "aligned": true
    },
    {
      "shot": "section-probe-07-default-camera-21",
      "id": "slide1:0",
      "renderedTop": 108.00289463996887,
      "colliderTop": 108.00289611816407,
      "aligned": true
    },
    {
      "shot": "section-probe-07-default-camera-21",
      "id": "slide1:1",
      "renderedTop": 108.00289463996887,
      "colliderTop": 108.00289611816407,
      "aligned": true
    },
    {
      "shot": "section-probe-07-default-camera-21",
      "id": "slide1:3",
      "renderedTop": 108.00289463996887,
      "colliderTop": 108.00289611816407,
      "aligned": true
    },
    {
      "shot": "section-probe-07-default-camera-21",
      "id": "slide2:0",
      "renderedTop": 96.47136998176575,
      "colliderTop": 96.47137145996095,
      "aligned": true
    },
    {
      "shot": "section-probe-07-default-camera-21",
      "id": "slide2:2",
      "renderedTop": 96.47136998176575,
      "colliderTop": 96.47137145996095,
      "aligned": true
    },
    {
      "shot": "section-probe-07-default-camera-21",
      "id": "slide2:3",
      "renderedTop": 96.47136998176575,
      "colliderTop": 96.47137145996095,
      "aligned": true
    },
    {
      "shot": "section-probe-07-default-camera-21",
      "id": "finalGate-11",
      "renderedTop": 92.59999692440033,
      "colliderTop": 92.6,
      "aligned": true
    },
    {
      "shot": "section-probe-07-default-camera-21",
      "id": "finalGate11",
      "renderedTop": 92.59999692440033,
      "colliderTop": 92.6,
      "aligned": true
    },
    {
      "shot": "material-probe-first-punch-default-camera",
      "id": "start1",
      "renderedTop": 95.00000143051147,
      "colliderTop": 95,
      "aligned": true
    },
    {
      "shot": "material-probe-first-punch-default-camera",
      "id": "start4",
      "renderedTop": 95.00000143051147,
      "colliderTop": 95,
      "aligned": true
    },
    {
      "shot": "material-probe-first-punch-default-camera",
      "id": "start7",
      "renderedTop": 95.00000143051147,
      "colliderTop": 95,
      "aligned": true
    },
    {
      "shot": "material-probe-first-punch-default-camera",
      "id": "start10",
      "renderedTop": 95.00000143051147,
      "colliderTop": 95,
      "aligned": true
    },
    {
      "shot": "material-probe-first-punch-default-camera",
      "id": "start12",
      "renderedTop": 95.00000143051147,
      "colliderTop": 95,
      "aligned": true
    },
    {
      "shot": "material-probe-first-punch-default-camera",
      "id": "jellyGate0:2",
      "renderedTop": 95.20000314712524,
      "colliderTop": 95.19999999999999,
      "aligned": true
    },
    {
      "shot": "material-probe-first-punch-default-camera",
      "id": "jellyGate0:5",
      "renderedTop": 95.20000314712524,
      "colliderTop": 95.19999999999999,
      "aligned": true
    },
    {
      "shot": "material-probe-first-punch-default-camera",
      "id": "jellyGate1:2",
      "renderedTop": 95.20000314712524,
      "colliderTop": 95.19999999999999,
      "aligned": true
    },
    {
      "shot": "material-probe-first-punch-default-camera",
      "id": "jellyGate1:5",
      "renderedTop": 95.20000314712524,
      "colliderTop": 95.19999999999999,
      "aligned": true
    }
  ],
  "toys": [
    {
      "shot": "start-default-camera-21",
      "id": "start0",
      "form": 0,
      "renderedTop": 94.99999690055847,
      "colliderTop": 95,
      "aligned": true
    },
    {
      "shot": "start-default-camera-21",
      "id": "start2",
      "form": 2,
      "renderedTop": 94.99999690055847,
      "colliderTop": 95,
      "aligned": true
    },
    {
      "shot": "start-default-camera-21",
      "id": "start3",
      "form": 0,
      "renderedTop": 94.99999690055847,
      "colliderTop": 95,
      "aligned": true
    },
    {
      "shot": "start-default-camera-21",
      "id": "start5",
      "form": 2,
      "renderedTop": 94.99999690055847,
      "colliderTop": 95,
      "aligned": true
    },
    {
      "shot": "start-default-camera-21",
      "id": "start6",
      "form": 0,
      "renderedTop": 94.99999690055847,
      "colliderTop": 95,
      "aligned": true
    },
    {
      "shot": "start-default-camera-21",
      "id": "start8",
      "form": 2,
      "renderedTop": 94.99999690055847,
      "colliderTop": 95,
      "aligned": true
    },
    {
      "shot": "start-default-camera-21",
      "id": "start9",
      "form": 0,
      "renderedTop": 94.99999690055847,
      "colliderTop": 95,
      "aligned": true
    },
    {
      "shot": "start-default-camera-21",
      "id": "start11",
      "form": 2,
      "renderedTop": 94.99999690055847,
      "colliderTop": 95,
      "aligned": true
    },
    {
      "shot": "start-default-camera-21",
      "id": "start13",
      "form": 1,
      "renderedTop": 94.99999690055847,
      "colliderTop": 95,
      "aligned": true
    },
    {
      "shot": "start-default-camera-21",
      "id": "jellyGate0:0",
      "form": 0,
      "renderedTop": 95.20000314712524,
      "colliderTop": 95.19999999999999,
      "aligned": true
    },
    {
      "shot": "start-default-camera-21",
      "id": "jellyGate0:1",
      "form": 1,
      "renderedTop": 95.20000314712524,
      "colliderTop": 95.19999999999999,
      "aligned": true
    },
    {
      "shot": "start-default-camera-21",
      "id": "jellyGate0:3",
      "form": 0,
      "renderedTop": 95.20000314712524,
      "colliderTop": 95.19999999999999,
      "aligned": true
    },
    {
      "shot": "start-default-camera-21",
      "id": "jellyGate0:4",
      "form": 1,
      "renderedTop": 95.20000314712524,
      "colliderTop": 95.19999999999999,
      "aligned": true
    },
    {
      "shot": "start-default-camera-21",
      "id": "jellyGate1:0",
      "form": 1,
      "renderedTop": 95.20000314712524,
      "colliderTop": 95.19999999999999,
      "aligned": true
    },
    {
      "shot": "start-default-camera-21",
      "id": "jellyGate1:1",
      "form": 2,
      "renderedTop": 95.20000314712524,
      "colliderTop": 95.19999999999999,
      "aligned": true
    },
    {
      "shot": "start-default-camera-21",
      "id": "jellyGate1:3",
      "form": 1,
      "renderedTop": 95.20000314712524,
      "colliderTop": 95.19999999999999,
      "aligned": true
    },
    {
      "shot": "start-default-camera-21",
      "id": "jellyGate1:4",
      "form": 2,
      "renderedTop": 95.20000314712524,
      "colliderTop": 95.19999999999999,
      "aligned": true
    },
    {
      "shot": "run-2s-default-camera-21",
      "id": "start0",
      "form": 0,
      "renderedTop": 94.99999690055847,
      "colliderTop": 95,
      "aligned": true
    },
    {
      "shot": "run-2s-default-camera-21",
      "id": "start2",
      "form": 2,
      "renderedTop": 94.99999690055847,
      "colliderTop": 95,
      "aligned": true
    },
    {
      "shot": "run-2s-default-camera-21",
      "id": "start3",
      "form": 0,
      "renderedTop": 94.99999690055847,
      "colliderTop": 95,
      "aligned": true
    },
    {
      "shot": "run-2s-default-camera-21",
      "id": "start5",
      "form": 2,
      "renderedTop": 94.99999690055847,
      "colliderTop": 95,
      "aligned": true
    },
    {
      "shot": "run-2s-default-camera-21",
      "id": "start6",
      "form": 0,
      "renderedTop": 94.99999690055847,
      "colliderTop": 95,
      "aligned": true
    },
    {
      "shot": "run-2s-default-camera-21",
      "id": "start8",
      "form": 2,
      "renderedTop": 94.99999690055847,
      "colliderTop": 95,
      "aligned": true
    },
    {
      "shot": "run-2s-default-camera-21",
      "id": "start9",
      "form": 0,
      "renderedTop": 94.99999690055847,
      "colliderTop": 95,
      "aligned": true
    },
    {
      "shot": "run-2s-default-camera-21",
      "id": "start11",
      "form": 2,
      "renderedTop": 94.99999690055847,
      "colliderTop": 95,
      "aligned": true
    },
    {
      "shot": "run-2s-default-camera-21",
      "id": "start13",
      "form": 1,
      "renderedTop": 94.99999690055847,
      "colliderTop": 95,
      "aligned": true
    },
    {
      "shot": "run-2s-default-camera-21",
      "id": "jellyGate0:0",
      "form": 0,
      "renderedTop": 95.20000314712524,
      "colliderTop": 95.19999999999999,
      "aligned": true
    },
    {
      "shot": "run-2s-default-camera-21",
      "id": "jellyGate0:1",
      "form": 1,
      "renderedTop": 95.20000314712524,
      "colliderTop": 95.19999999999999,
      "aligned": true
    },
    {
      "shot": "run-2s-default-camera-21",
      "id": "jellyGate0:3",
      "form": 0,
      "renderedTop": 95.20000314712524,
      "colliderTop": 95.19999999999999,
      "aligned": true
    },
    {
      "shot": "run-2s-default-camera-21",
      "id": "jellyGate0:4",
      "form": 1,
      "renderedTop": 95.20000314712524,
      "colliderTop": 95.19999999999999,
      "aligned": true
    },
    {
      "shot": "run-2s-default-camera-21",
      "id": "jellyGate1:0",
      "form": 1,
      "renderedTop": 95.20000314712524,
      "colliderTop": 95.19999999999999,
      "aligned": true
    },
    {
      "shot": "run-2s-default-camera-21",
      "id": "jellyGate1:1",
      "form": 2,
      "renderedTop": 95.20000314712524,
      "colliderTop": 95.19999999999999,
      "aligned": true
    },
    {
      "shot": "run-2s-default-camera-21",
      "id": "jellyGate1:3",
      "form": 1,
      "renderedTop": 95.20000314712524,
      "colliderTop": 95.19999999999999,
      "aligned": true
    },
    {
      "shot": "run-2s-default-camera-21",
      "id": "jellyGate1:4",
      "form": 2,
      "renderedTop": 95.20000314712524,
      "colliderTop": 95.19999999999999,
      "aligned": true
    },
    {
      "shot": "run-2s-default-camera-21",
      "id": "candyEdge0:-1:-6",
      "form": 4,
      "renderedTop": 92.19999694824219,
      "colliderTop": 92.19999999999999,
      "aligned": true
    },
    {
      "shot": "run-2s-default-camera-21",
      "id": "candyEdge0:-1:6",
      "form": 3,
      "renderedTop": 92.19999694824219,
      "colliderTop": 92.19999999999999,
      "aligned": true
    },
    {
      "shot": "run-2s-default-camera-21",
      "id": "candyEdge0:1:-6",
      "form": 3,
      "renderedTop": 92.19999694824219,
      "colliderTop": 92.19999999999999,
      "aligned": true
    },
    {
      "shot": "run-2s-default-camera-21",
      "id": "candyEdge0:1:6",
      "form": 4,
      "renderedTop": 92.19999694824219,
      "colliderTop": 92.19999999999999,
      "aligned": true
    },
    {
      "shot": "run-2s-default-camera-21",
      "id": "candyEdge1:-1:-6",
      "form": 3,
      "renderedTop": 92.19503784179688,
      "colliderTop": 92.19999999999999,
      "aligned": true
    },
    {
      "shot": "run-2s-default-camera-21",
      "id": "candyEdge1:-1:6",
      "form": 4,
      "renderedTop": 92.19999694824219,
      "colliderTop": 92.19999999999999,
      "aligned": true
    },
    {
      "shot": "run-2s-default-camera-21",
      "id": "candyEdge1:1:-6",
      "form": 4,
      "renderedTop": 92.19999694824219,
      "colliderTop": 92.19999999999999,
      "aligned": true
    },
    {
      "shot": "run-2s-default-camera-21",
      "id": "candyEdge1:1:6",
      "form": 3,
      "renderedTop": 92.19999694824219,
      "colliderTop": 92.19999999999999,
      "aligned": true
    },
    {
      "shot": "run-5s-default-camera-21",
      "id": "start0",
      "form": 0,
      "renderedTop": 94.99999690055847,
      "colliderTop": 95,
      "aligned": true
    },
    {
      "shot": "run-5s-default-camera-21",
      "id": "start2",
      "form": 2,
      "renderedTop": 94.99999690055847,
      "colliderTop": 95,
      "aligned": true
    },
    {
      "shot": "run-5s-default-camera-21",
      "id": "start3",
      "form": 0,
      "renderedTop": 94.99999690055847,
      "colliderTop": 95,
      "aligned": true
    },
    {
      "shot": "run-5s-default-camera-21",
      "id": "start5",
      "form": 2,
      "renderedTop": 94.99999690055847,
      "colliderTop": 95,
      "aligned": true
    },
    {
      "shot": "run-5s-default-camera-21",
      "id": "start6",
      "form": 0,
      "renderedTop": 94.99999690055847,
      "colliderTop": 95,
      "aligned": true
    },
    {
      "shot": "run-5s-default-camera-21",
      "id": "start8",
      "form": 2,
      "renderedTop": 94.99999690055847,
      "colliderTop": 95,
      "aligned": true
    },
    {
      "shot": "run-5s-default-camera-21",
      "id": "start9",
      "form": 0,
      "renderedTop": 94.99999690055847,
      "colliderTop": 95,
      "aligned": true
    },
    {
      "shot": "run-5s-default-camera-21",
      "id": "start11",
      "form": 2,
      "renderedTop": 94.99999690055847,
      "colliderTop": 95,
      "aligned": true
    },
    {
      "shot": "run-5s-default-camera-21",
      "id": "start13",
      "form": 1,
      "renderedTop": 94.99999690055847,
      "colliderTop": 95,
      "aligned": true
    },
    {
      "shot": "run-5s-default-camera-21",
      "id": "jellyGate0:0",
      "form": 0,
      "renderedTop": 95.20000314712524,
      "colliderTop": 95.19999999999999,
      "aligned": true
    },
    {
      "shot": "run-5s-default-camera-21",
      "id": "jellyGate0:1",
      "form": 1,
      "renderedTop": 95.20000314712524,
      "colliderTop": 95.19999999999999,
      "aligned": true
    },
    {
      "shot": "run-5s-default-camera-21",
      "id": "jellyGate0:3",
      "form": 0,
      "renderedTop": 95.20000314712524,
      "colliderTop": 95.19999999999999,
      "aligned": true
    },
    {
      "shot": "run-5s-default-camera-21",
      "id": "jellyGate0:4",
      "form": 1,
      "renderedTop": 95.20000314712524,
      "colliderTop": 95.19999999999999,
      "aligned": true
    },
    {
      "shot": "run-5s-default-camera-21",
      "id": "jellyGate1:0",
      "form": 1,
      "renderedTop": 95.20000314712524,
      "colliderTop": 95.19999999999999,
      "aligned": true
    },
    {
      "shot": "run-5s-default-camera-21",
      "id": "jellyGate1:1",
      "form": 2,
      "renderedTop": 95.20000314712524,
      "colliderTop": 95.19999999999999,
      "aligned": true
    },
    {
      "shot": "run-5s-default-camera-21",
      "id": "jellyGate1:3",
      "form": 1,
      "renderedTop": 95.20000314712524,
      "colliderTop": 95.19999999999999,
      "aligned": true
    },
    {
      "shot": "run-5s-default-camera-21",
      "id": "jellyGate1:4",
      "form": 2,
      "renderedTop": 95.20000314712524,
      "colliderTop": 95.19999999999999,
      "aligned": true
    },
    {
      "shot": "run-5s-default-camera-21",
      "id": "candyEdge0:-1:-6",
      "form": 4,
      "renderedTop": 92.19999694824219,
      "colliderTop": 92.19999999999999,
      "aligned": true
    },
    {
      "shot": "run-5s-default-camera-21",
      "id": "candyEdge0:-1:6",
      "form": 3,
      "renderedTop": 92.19999694824219,
      "colliderTop": 92.19999999999999,
      "aligned": true
    },
    {
      "shot": "run-5s-default-camera-21",
      "id": "candyEdge0:1:-6",
      "form": 3,
      "renderedTop": 92.19999694824219,
      "colliderTop": 92.19999999999999,
      "aligned": true
    },
    {
      "shot": "run-5s-default-camera-21",
      "id": "candyEdge0:1:6",
      "form": 4,
      "renderedTop": 92.19999694824219,
      "colliderTop": 92.19999999999999,
      "aligned": true
    },
    {
      "shot": "run-5s-default-camera-21",
      "id": "candyEdge1:-1:-6",
      "form": 3,
      "renderedTop": 92.19503784179688,
      "colliderTop": 92.19999999999999,
      "aligned": true
    },
    {
      "shot": "run-5s-default-camera-21",
      "id": "candyEdge1:-1:6",
      "form": 4,
      "renderedTop": 92.19999694824219,
      "colliderTop": 92.19999999999999,
      "aligned": true
    },
    {
      "shot": "run-5s-default-camera-21",
      "id": "candyEdge1:1:-6",
      "form": 4,
      "renderedTop": 92.19999694824219,
      "colliderTop": 92.19999999999999,
      "aligned": true
    },
    {
      "shot": "run-5s-default-camera-21",
      "id": "candyEdge1:1:6",
      "form": 3,
      "renderedTop": 92.19999694824219,
      "colliderTop": 92.19999999999999,
      "aligned": true
    },
    {
      "shot": "run-5s-default-camera-21",
      "id": "candyEdge2:-1:-6",
      "form": 4,
      "renderedTop": 92.19999694824219,
      "colliderTop": 92.19999999999999,
      "aligned": true
    },
    {
      "shot": "run-5s-default-camera-21",
      "id": "candyEdge2:-1:6",
      "form": 3,
      "renderedTop": 92.19999694824219,
      "colliderTop": 92.19999999999999,
      "aligned": true
    },
    {
      "shot": "run-5s-default-camera-21",
      "id": "candyEdge2:1:-6",
      "form": 3,
      "renderedTop": 92.19999694824219,
      "colliderTop": 92.19999999999999,
      "aligned": true
    },
    {
      "shot": "run-5s-default-camera-21",
      "id": "candyEdge2:1:6",
      "form": 4,
      "renderedTop": 92.19999694824219,
      "colliderTop": 92.19999999999999,
      "aligned": true
    },
    {
      "shot": "run-10s-default-camera-21",
      "id": "start0",
      "form": 0,
      "renderedTop": 94.99999690055847,
      "colliderTop": 95,
      "aligned": true
    },
    {
      "shot": "run-10s-default-camera-21",
      "id": "start2",
      "form": 2,
      "renderedTop": 94.99999690055847,
      "colliderTop": 95,
      "aligned": true
    },
    {
      "shot": "run-10s-default-camera-21",
      "id": "start3",
      "form": 0,
      "renderedTop": 94.99999690055847,
      "colliderTop": 95,
      "aligned": true
    },
    {
      "shot": "run-10s-default-camera-21",
      "id": "start5",
      "form": 2,
      "renderedTop": 94.99999690055847,
      "colliderTop": 95,
      "aligned": true
    },
    {
      "shot": "run-10s-default-camera-21",
      "id": "start6",
      "form": 0,
      "renderedTop": 94.99999690055847,
      "colliderTop": 95,
      "aligned": true
    },
    {
      "shot": "run-10s-default-camera-21",
      "id": "start8",
      "form": 2,
      "renderedTop": 94.99999690055847,
      "colliderTop": 95,
      "aligned": true
    },
    {
      "shot": "run-10s-default-camera-21",
      "id": "start9",
      "form": 0,
      "renderedTop": 94.99999690055847,
      "colliderTop": 95,
      "aligned": true
    },
    {
      "shot": "run-10s-default-camera-21",
      "id": "start11",
      "form": 2,
      "renderedTop": 94.99999690055847,
      "colliderTop": 95,
      "aligned": true
    },
    {
      "shot": "run-10s-default-camera-21",
      "id": "start13",
      "form": 1,
      "renderedTop": 94.99999690055847,
      "colliderTop": 95,
      "aligned": true
    },
    {
      "shot": "run-10s-default-camera-21",
      "id": "jellyGate0:0",
      "form": 0,
      "renderedTop": 95.20000314712524,
      "colliderTop": 95.19999999999999,
      "aligned": true
    },
    {
      "shot": "run-10s-default-camera-21",
      "id": "jellyGate0:1",
      "form": 1,
      "renderedTop": 95.20000314712524,
      "colliderTop": 95.19999999999999,
      "aligned": true
    },
    {
      "shot": "run-10s-default-camera-21",
      "id": "jellyGate0:3",
      "form": 0,
      "renderedTop": 95.20000314712524,
      "colliderTop": 95.19999999999999,
      "aligned": true
    },
    {
      "shot": "run-10s-default-camera-21",
      "id": "jellyGate0:4",
      "form": 1,
      "renderedTop": 95.20000314712524,
      "colliderTop": 95.19999999999999,
      "aligned": true
    },
    {
      "shot": "run-10s-default-camera-21",
      "id": "jellyGate1:0",
      "form": 1,
      "renderedTop": 95.20000314712524,
      "colliderTop": 95.19999999999999,
      "aligned": true
    },
    {
      "shot": "run-10s-default-camera-21",
      "id": "jellyGate1:1",
      "form": 2,
      "renderedTop": 95.20000314712524,
      "colliderTop": 95.19999999999999,
      "aligned": true
    },
    {
      "shot": "run-10s-default-camera-21",
      "id": "jellyGate1:3",
      "form": 1,
      "renderedTop": 95.20000314712524,
      "colliderTop": 95.19999999999999,
      "aligned": true
    },
    {
      "shot": "run-10s-default-camera-21",
      "id": "jellyGate1:4",
      "form": 2,
      "renderedTop": 95.20000314712524,
      "colliderTop": 95.19999999999999,
      "aligned": true
    },
    {
      "shot": "run-10s-default-camera-21",
      "id": "candyEdge0:-1:-6",
      "form": 4,
      "renderedTop": 92.19999694824219,
      "colliderTop": 92.19999999999999,
      "aligned": true
    },
    {
      "shot": "run-10s-default-camera-21",
      "id": "candyEdge0:-1:6",
      "form": 3,
      "renderedTop": 92.19999694824219,
      "colliderTop": 92.19999999999999,
      "aligned": true
    },
    {
      "shot": "run-10s-default-camera-21",
      "id": "candyEdge0:1:-6",
      "form": 3,
      "renderedTop": 92.19999694824219,
      "colliderTop": 92.19999999999999,
      "aligned": true
    },
    {
      "shot": "run-10s-default-camera-21",
      "id": "candyEdge0:1:6",
      "form": 4,
      "renderedTop": 92.19999694824219,
      "colliderTop": 92.19999999999999,
      "aligned": true
    },
    {
      "shot": "run-10s-default-camera-21",
      "id": "candyEdge1:-1:-6",
      "form": 3,
      "renderedTop": 92.19503784179688,
      "colliderTop": 92.19999999999999,
      "aligned": true
    },
    {
      "shot": "run-10s-default-camera-21",
      "id": "candyEdge1:-1:6",
      "form": 4,
      "renderedTop": 92.19999694824219,
      "colliderTop": 92.19999999999999,
      "aligned": true
    },
    {
      "shot": "run-10s-default-camera-21",
      "id": "candyEdge1:1:-6",
      "form": 4,
      "renderedTop": 92.19999694824219,
      "colliderTop": 92.19999999999999,
      "aligned": true
    },
    {
      "shot": "run-10s-default-camera-21",
      "id": "candyEdge1:1:6",
      "form": 3,
      "renderedTop": 92.19999694824219,
      "colliderTop": 92.19999999999999,
      "aligned": true
    },
    {
      "shot": "run-10s-default-camera-21",
      "id": "candyEdge2:-1:-6",
      "form": 4,
      "renderedTop": 92.19999694824219,
      "colliderTop": 92.19999999999999,
      "aligned": true
    },
    {
      "shot": "run-10s-default-camera-21",
      "id": "candyEdge2:-1:6",
      "form": 3,
      "renderedTop": 92.19999694824219,
      "colliderTop": 92.19999999999999,
      "aligned": true
    },
    {
      "shot": "run-10s-default-camera-21",
      "id": "candyEdge2:1:-6",
      "form": 3,
      "renderedTop": 92.19999694824219,
      "colliderTop": 92.19999999999999,
      "aligned": true
    },
    {
      "shot": "run-10s-default-camera-21",
      "id": "candyEdge2:1:6",
      "form": 4,
      "renderedTop": 92.19999694824219,
      "colliderTop": 92.19999999999999,
      "aligned": true
    },
    {
      "shot": "section-probe-01-default-camera-21",
      "id": "start0",
      "form": 0,
      "renderedTop": 94.99999690055847,
      "colliderTop": 95,
      "aligned": true
    },
    {
      "shot": "section-probe-01-default-camera-21",
      "id": "start2",
      "form": 2,
      "renderedTop": 94.99999690055847,
      "colliderTop": 95,
      "aligned": true
    },
    {
      "shot": "section-probe-01-default-camera-21",
      "id": "start3",
      "form": 0,
      "renderedTop": 94.99999690055847,
      "colliderTop": 95,
      "aligned": true
    },
    {
      "shot": "section-probe-01-default-camera-21",
      "id": "start5",
      "form": 2,
      "renderedTop": 94.99999690055847,
      "colliderTop": 95,
      "aligned": true
    },
    {
      "shot": "section-probe-01-default-camera-21",
      "id": "start6",
      "form": 0,
      "renderedTop": 94.99999690055847,
      "colliderTop": 95,
      "aligned": true
    },
    {
      "shot": "section-probe-01-default-camera-21",
      "id": "start8",
      "form": 2,
      "renderedTop": 94.99999690055847,
      "colliderTop": 95,
      "aligned": true
    },
    {
      "shot": "section-probe-01-default-camera-21",
      "id": "start9",
      "form": 0,
      "renderedTop": 94.99999690055847,
      "colliderTop": 95,
      "aligned": true
    },
    {
      "shot": "section-probe-01-default-camera-21",
      "id": "start11",
      "form": 2,
      "renderedTop": 94.99999690055847,
      "colliderTop": 95,
      "aligned": true
    },
    {
      "shot": "section-probe-01-default-camera-21",
      "id": "start13",
      "form": 1,
      "renderedTop": 94.99999690055847,
      "colliderTop": 95,
      "aligned": true
    },
    {
      "shot": "section-probe-01-default-camera-21",
      "id": "jellyGate0:0",
      "form": 0,
      "renderedTop": 95.20000314712524,
      "colliderTop": 95.19999999999999,
      "aligned": true
    },
    {
      "shot": "section-probe-01-default-camera-21",
      "id": "jellyGate0:1",
      "form": 1,
      "renderedTop": 95.20000314712524,
      "colliderTop": 95.19999999999999,
      "aligned": true
    },
    {
      "shot": "section-probe-01-default-camera-21",
      "id": "jellyGate0:3",
      "form": 0,
      "renderedTop": 95.20000314712524,
      "colliderTop": 95.19999999999999,
      "aligned": true
    },
    {
      "shot": "section-probe-01-default-camera-21",
      "id": "jellyGate0:4",
      "form": 1,
      "renderedTop": 95.20000314712524,
      "colliderTop": 95.19999999999999,
      "aligned": true
    },
    {
      "shot": "section-probe-01-default-camera-21",
      "id": "jellyGate1:0",
      "form": 1,
      "renderedTop": 95.20000314712524,
      "colliderTop": 95.19999999999999,
      "aligned": true
    },
    {
      "shot": "section-probe-01-default-camera-21",
      "id": "jellyGate1:1",
      "form": 2,
      "renderedTop": 95.20000314712524,
      "colliderTop": 95.19999999999999,
      "aligned": true
    },
    {
      "shot": "section-probe-01-default-camera-21",
      "id": "jellyGate1:3",
      "form": 1,
      "renderedTop": 95.20000314712524,
      "colliderTop": 95.19999999999999,
      "aligned": true
    },
    {
      "shot": "section-probe-01-default-camera-21",
      "id": "jellyGate1:4",
      "form": 2,
      "renderedTop": 95.20000314712524,
      "colliderTop": 95.19999999999999,
      "aligned": true
    },
    {
      "shot": "section-probe-01-default-camera-21",
      "id": "candyEdge0:-1:-6",
      "form": 4,
      "renderedTop": 92.19999694824219,
      "colliderTop": 92.19999999999999,
      "aligned": true
    },
    {
      "shot": "section-probe-01-default-camera-21",
      "id": "candyEdge0:-1:6",
      "form": 3,
      "renderedTop": 92.19999694824219,
      "colliderTop": 92.19999999999999,
      "aligned": true
    },
    {
      "shot": "section-probe-01-default-camera-21",
      "id": "candyEdge0:1:-6",
      "form": 3,
      "renderedTop": 92.19999694824219,
      "colliderTop": 92.19999999999999,
      "aligned": true
    },
    {
      "shot": "section-probe-01-default-camera-21",
      "id": "candyEdge0:1:6",
      "form": 4,
      "renderedTop": 92.19999694824219,
      "colliderTop": 92.19999999999999,
      "aligned": true
    },
    {
      "shot": "section-probe-01-default-camera-21",
      "id": "candyEdge1:-1:-6",
      "form": 3,
      "renderedTop": 92.19503784179688,
      "colliderTop": 92.19999999999999,
      "aligned": true
    },
    {
      "shot": "section-probe-01-default-camera-21",
      "id": "candyEdge1:-1:6",
      "form": 4,
      "renderedTop": 92.19999694824219,
      "colliderTop": 92.19999999999999,
      "aligned": true
    },
    {
      "shot": "section-probe-01-default-camera-21",
      "id": "candyEdge1:1:-6",
      "form": 4,
      "renderedTop": 92.19999694824219,
      "colliderTop": 92.19999999999999,
      "aligned": true
    },
    {
      "shot": "section-probe-01-default-camera-21",
      "id": "candyEdge1:1:6",
      "form": 3,
      "renderedTop": 92.19999694824219,
      "colliderTop": 92.19999999999999,
      "aligned": true
    },
    {
      "shot": "section-probe-02-default-camera-21",
      "id": "start0",
      "form": 0,
      "renderedTop": 94.99999690055847,
      "colliderTop": 95,
      "aligned": true
    },
    {
      "shot": "section-probe-02-default-camera-21",
      "id": "start2",
      "form": 2,
      "renderedTop": 94.99999690055847,
      "colliderTop": 95,
      "aligned": true
    },
    {
      "shot": "section-probe-02-default-camera-21",
      "id": "start3",
      "form": 0,
      "renderedTop": 94.99999690055847,
      "colliderTop": 95,
      "aligned": true
    },
    {
      "shot": "section-probe-02-default-camera-21",
      "id": "start5",
      "form": 2,
      "renderedTop": 94.99999690055847,
      "colliderTop": 95,
      "aligned": true
    },
    {
      "shot": "section-probe-02-default-camera-21",
      "id": "start6",
      "form": 0,
      "renderedTop": 94.99999690055847,
      "colliderTop": 95,
      "aligned": true
    },
    {
      "shot": "section-probe-02-default-camera-21",
      "id": "start8",
      "form": 2,
      "renderedTop": 94.99999690055847,
      "colliderTop": 95,
      "aligned": true
    },
    {
      "shot": "section-probe-02-default-camera-21",
      "id": "start9",
      "form": 0,
      "renderedTop": 94.99999690055847,
      "colliderTop": 95,
      "aligned": true
    },
    {
      "shot": "section-probe-02-default-camera-21",
      "id": "start11",
      "form": 2,
      "renderedTop": 94.99999690055847,
      "colliderTop": 95,
      "aligned": true
    },
    {
      "shot": "section-probe-02-default-camera-21",
      "id": "start13",
      "form": 1,
      "renderedTop": 94.99999690055847,
      "colliderTop": 95,
      "aligned": true
    },
    {
      "shot": "section-probe-02-default-camera-21",
      "id": "jellyGate0:0",
      "form": 0,
      "renderedTop": 95.20000314712524,
      "colliderTop": 95.19999999999999,
      "aligned": true
    },
    {
      "shot": "section-probe-02-default-camera-21",
      "id": "jellyGate0:1",
      "form": 1,
      "renderedTop": 95.20000314712524,
      "colliderTop": 95.19999999999999,
      "aligned": true
    },
    {
      "shot": "section-probe-02-default-camera-21",
      "id": "jellyGate0:3",
      "form": 0,
      "renderedTop": 95.20000314712524,
      "colliderTop": 95.19999999999999,
      "aligned": true
    },
    {
      "shot": "section-probe-02-default-camera-21",
      "id": "jellyGate0:4",
      "form": 1,
      "renderedTop": 95.20000314712524,
      "colliderTop": 95.19999999999999,
      "aligned": true
    },
    {
      "shot": "section-probe-02-default-camera-21",
      "id": "jellyGate1:0",
      "form": 1,
      "renderedTop": 95.20000314712524,
      "colliderTop": 95.19999999999999,
      "aligned": true
    },
    {
      "shot": "section-probe-02-default-camera-21",
      "id": "jellyGate1:1",
      "form": 2,
      "renderedTop": 95.20000314712524,
      "colliderTop": 95.19999999999999,
      "aligned": true
    },
    {
      "shot": "section-probe-02-default-camera-21",
      "id": "jellyGate1:3",
      "form": 1,
      "renderedTop": 95.20000314712524,
      "colliderTop": 95.19999999999999,
      "aligned": true
    },
    {
      "shot": "section-probe-02-default-camera-21",
      "id": "jellyGate1:4",
      "form": 2,
      "renderedTop": 95.20000314712524,
      "colliderTop": 95.19999999999999,
      "aligned": true
    },
    {
      "shot": "section-probe-02-default-camera-21",
      "id": "candyEdge0:-1:-6",
      "form": 4,
      "renderedTop": 92.19999694824219,
      "colliderTop": 92.19999999999999,
      "aligned": true
    },
    {
      "shot": "section-probe-02-default-camera-21",
      "id": "candyEdge0:-1:6",
      "form": 3,
      "renderedTop": 92.19999694824219,
      "colliderTop": 92.19999999999999,
      "aligned": true
    },
    {
      "shot": "section-probe-02-default-camera-21",
      "id": "candyEdge0:1:-6",
      "form": 3,
      "renderedTop": 92.19999694824219,
      "colliderTop": 92.19999999999999,
      "aligned": true
    },
    {
      "shot": "section-probe-02-default-camera-21",
      "id": "candyEdge0:1:6",
      "form": 4,
      "renderedTop": 92.19999694824219,
      "colliderTop": 92.19999999999999,
      "aligned": true
    },
    {
      "shot": "section-probe-02-default-camera-21",
      "id": "candyEdge1:-1:-6",
      "form": 3,
      "renderedTop": 92.19503784179688,
      "colliderTop": 92.19999999999999,
      "aligned": true
    },
    {
      "shot": "section-probe-02-default-camera-21",
      "id": "candyEdge1:-1:6",
      "form": 4,
      "renderedTop": 92.19999694824219,
      "colliderTop": 92.19999999999999,
      "aligned": true
    },
    {
      "shot": "section-probe-02-default-camera-21",
      "id": "candyEdge1:1:-6",
      "form": 4,
      "renderedTop": 92.19999694824219,
      "colliderTop": 92.19999999999999,
      "aligned": true
    },
    {
      "shot": "section-probe-02-default-camera-21",
      "id": "candyEdge1:1:6",
      "form": 3,
      "renderedTop": 92.19999694824219,
      "colliderTop": 92.19999999999999,
      "aligned": true
    },
    {
      "shot": "section-probe-02-default-camera-21",
      "id": "candyEdge2:-1:-6",
      "form": 4,
      "renderedTop": 92.19999694824219,
      "colliderTop": 92.19999999999999,
      "aligned": true
    },
    {
      "shot": "section-probe-02-default-camera-21",
      "id": "candyEdge2:-1:6",
      "form": 3,
      "renderedTop": 92.19999694824219,
      "colliderTop": 92.19999999999999,
      "aligned": true
    },
    {
      "shot": "section-probe-02-default-camera-21",
      "id": "candyEdge2:1:-6",
      "form": 3,
      "renderedTop": 92.19999694824219,
      "colliderTop": 92.19999999999999,
      "aligned": true
    },
    {
      "shot": "section-probe-02-default-camera-21",
      "id": "candyEdge2:1:6",
      "form": 4,
      "renderedTop": 92.19999694824219,
      "colliderTop": 92.19999999999999,
      "aligned": true
    },
    {
      "shot": "section-probe-02-default-camera-21",
      "id": "candyEdge3:-1:-6",
      "form": 3,
      "renderedTop": 92.19999694824219,
      "colliderTop": 92.19999999999999,
      "aligned": true
    },
    {
      "shot": "section-probe-02-default-camera-21",
      "id": "candyEdge3:-1:6",
      "form": 4,
      "renderedTop": 92.19999694824219,
      "colliderTop": 92.19999999999999,
      "aligned": true
    },
    {
      "shot": "section-probe-02-default-camera-21",
      "id": "candyEdge3:1:-6",
      "form": 4,
      "renderedTop": 92.19999694824219,
      "colliderTop": 92.19999999999999,
      "aligned": true
    },
    {
      "shot": "section-probe-02-default-camera-21",
      "id": "candyEdge3:1:6",
      "form": 3,
      "renderedTop": 92.19999694824219,
      "colliderTop": 92.19999999999999,
      "aligned": true
    },
    {
      "shot": "section-probe-02-default-camera-21",
      "id": "candyEdge4:-1:-6",
      "form": 4,
      "renderedTop": 92.19999694824219,
      "colliderTop": 92.19999999999999,
      "aligned": true
    },
    {
      "shot": "section-probe-02-default-camera-21",
      "id": "candyEdge4:-1:6",
      "form": 3,
      "renderedTop": 92.19999694824219,
      "colliderTop": 92.19999999999999,
      "aligned": true
    },
    {
      "shot": "section-probe-02-default-camera-21",
      "id": "candyEdge4:1:-6",
      "form": 3,
      "renderedTop": 92.19503784179688,
      "colliderTop": 92.19999999999999,
      "aligned": true
    },
    {
      "shot": "section-probe-02-default-camera-21",
      "id": "candyEdge4:1:6",
      "form": 4,
      "renderedTop": 92.19999694824219,
      "colliderTop": 92.19999999999999,
      "aligned": true
    },
    {
      "shot": "section-probe-03-default-camera-21",
      "id": "candyEdge0:-1:-6",
      "form": 4,
      "renderedTop": 92.19999694824219,
      "colliderTop": 92.19999999999999,
      "aligned": true
    },
    {
      "shot": "section-probe-03-default-camera-21",
      "id": "candyEdge0:-1:6",
      "form": 3,
      "renderedTop": 92.19999694824219,
      "colliderTop": 92.19999999999999,
      "aligned": true
    },
    {
      "shot": "section-probe-03-default-camera-21",
      "id": "candyEdge0:1:-6",
      "form": 3,
      "renderedTop": 92.19999694824219,
      "colliderTop": 92.19999999999999,
      "aligned": true
    },
    {
      "shot": "section-probe-03-default-camera-21",
      "id": "candyEdge0:1:6",
      "form": 4,
      "renderedTop": 92.19999694824219,
      "colliderTop": 92.19999999999999,
      "aligned": true
    },
    {
      "shot": "section-probe-03-default-camera-21",
      "id": "candyEdge1:-1:-6",
      "form": 3,
      "renderedTop": 92.19503784179688,
      "colliderTop": 92.19999999999999,
      "aligned": true
    },
    {
      "shot": "section-probe-03-default-camera-21",
      "id": "candyEdge1:-1:6",
      "form": 4,
      "renderedTop": 92.19999694824219,
      "colliderTop": 92.19999999999999,
      "aligned": true
    },
    {
      "shot": "section-probe-03-default-camera-21",
      "id": "candyEdge1:1:-6",
      "form": 4,
      "renderedTop": 92.19999694824219,
      "colliderTop": 92.19999999999999,
      "aligned": true
    },
    {
      "shot": "section-probe-03-default-camera-21",
      "id": "candyEdge1:1:6",
      "form": 3,
      "renderedTop": 92.19999694824219,
      "colliderTop": 92.19999999999999,
      "aligned": true
    },
    {
      "shot": "section-probe-03-default-camera-21",
      "id": "candyEdge2:-1:-6",
      "form": 4,
      "renderedTop": 92.19999694824219,
      "colliderTop": 92.19999999999999,
      "aligned": true
    },
    {
      "shot": "section-probe-03-default-camera-21",
      "id": "candyEdge2:-1:6",
      "form": 3,
      "renderedTop": 92.19999694824219,
      "colliderTop": 92.19999999999999,
      "aligned": true
    },
    {
      "shot": "section-probe-03-default-camera-21",
      "id": "candyEdge2:1:-6",
      "form": 3,
      "renderedTop": 92.19999694824219,
      "colliderTop": 92.19999999999999,
      "aligned": true
    },
    {
      "shot": "section-probe-03-default-camera-21",
      "id": "candyEdge2:1:6",
      "form": 4,
      "renderedTop": 92.19999694824219,
      "colliderTop": 92.19999999999999,
      "aligned": true
    },
    {
      "shot": "section-probe-03-default-camera-21",
      "id": "candyEdge3:-1:-6",
      "form": 3,
      "renderedTop": 92.19999694824219,
      "colliderTop": 92.19999999999999,
      "aligned": true
    },
    {
      "shot": "section-probe-03-default-camera-21",
      "id": "candyEdge3:-1:6",
      "form": 4,
      "renderedTop": 92.19999694824219,
      "colliderTop": 92.19999999999999,
      "aligned": true
    },
    {
      "shot": "section-probe-03-default-camera-21",
      "id": "candyEdge3:1:-6",
      "form": 4,
      "renderedTop": 92.19999694824219,
      "colliderTop": 92.19999999999999,
      "aligned": true
    },
    {
      "shot": "section-probe-03-default-camera-21",
      "id": "candyEdge3:1:6",
      "form": 3,
      "renderedTop": 92.19999694824219,
      "colliderTop": 92.19999999999999,
      "aligned": true
    },
    {
      "shot": "section-probe-03-default-camera-21",
      "id": "candyEdge4:-1:-6",
      "form": 4,
      "renderedTop": 92.19999694824219,
      "colliderTop": 92.19999999999999,
      "aligned": true
    },
    {
      "shot": "section-probe-03-default-camera-21",
      "id": "candyEdge4:-1:6",
      "form": 3,
      "renderedTop": 92.19999694824219,
      "colliderTop": 92.19999999999999,
      "aligned": true
    },
    {
      "shot": "section-probe-03-default-camera-21",
      "id": "candyEdge4:1:-6",
      "form": 3,
      "renderedTop": 92.19503784179688,
      "colliderTop": 92.19999999999999,
      "aligned": true
    },
    {
      "shot": "section-probe-03-default-camera-21",
      "id": "candyEdge4:1:6",
      "form": 4,
      "renderedTop": 92.19999694824219,
      "colliderTop": 92.19999999999999,
      "aligned": true
    },
    {
      "shot": "material-probe-first-punch-default-camera",
      "id": "start0",
      "form": 0,
      "renderedTop": 94.99999690055847,
      "colliderTop": 95,
      "aligned": true
    },
    {
      "shot": "material-probe-first-punch-default-camera",
      "id": "start2",
      "form": 2,
      "renderedTop": 94.99999690055847,
      "colliderTop": 95,
      "aligned": true
    },
    {
      "shot": "material-probe-first-punch-default-camera",
      "id": "start3",
      "form": 0,
      "renderedTop": 94.99999690055847,
      "colliderTop": 95,
      "aligned": true
    },
    {
      "shot": "material-probe-first-punch-default-camera",
      "id": "start5",
      "form": 2,
      "renderedTop": 94.99999690055847,
      "colliderTop": 95,
      "aligned": true
    },
    {
      "shot": "material-probe-first-punch-default-camera",
      "id": "start6",
      "form": 0,
      "renderedTop": 94.99999690055847,
      "colliderTop": 95,
      "aligned": true
    },
    {
      "shot": "material-probe-first-punch-default-camera",
      "id": "start8",
      "form": 2,
      "renderedTop": 94.99999690055847,
      "colliderTop": 95,
      "aligned": true
    },
    {
      "shot": "material-probe-first-punch-default-camera",
      "id": "start9",
      "form": 0,
      "renderedTop": 94.99999690055847,
      "colliderTop": 95,
      "aligned": true
    },
    {
      "shot": "material-probe-first-punch-default-camera",
      "id": "start11",
      "form": 2,
      "renderedTop": 94.99999690055847,
      "colliderTop": 95,
      "aligned": true
    },
    {
      "shot": "material-probe-first-punch-default-camera",
      "id": "start13",
      "form": 1,
      "renderedTop": 94.99999690055847,
      "colliderTop": 95,
      "aligned": true
    },
    {
      "shot": "material-probe-first-punch-default-camera",
      "id": "jellyGate0:0",
      "form": 0,
      "renderedTop": 95.20000314712524,
      "colliderTop": 95.19999999999999,
      "aligned": true
    },
    {
      "shot": "material-probe-first-punch-default-camera",
      "id": "jellyGate0:1",
      "form": 1,
      "renderedTop": 95.20000314712524,
      "colliderTop": 95.19999999999999,
      "aligned": true
    },
    {
      "shot": "material-probe-first-punch-default-camera",
      "id": "jellyGate0:3",
      "form": 0,
      "renderedTop": 95.20000314712524,
      "colliderTop": 95.19999999999999,
      "aligned": true
    },
    {
      "shot": "material-probe-first-punch-default-camera",
      "id": "jellyGate0:4",
      "form": 1,
      "renderedTop": 95.20000314712524,
      "colliderTop": 95.19999999999999,
      "aligned": true
    },
    {
      "shot": "material-probe-first-punch-default-camera",
      "id": "jellyGate1:0",
      "form": 1,
      "renderedTop": 95.20000314712524,
      "colliderTop": 95.19999999999999,
      "aligned": true
    },
    {
      "shot": "material-probe-first-punch-default-camera",
      "id": "jellyGate1:1",
      "form": 2,
      "renderedTop": 95.20000314712524,
      "colliderTop": 95.19999999999999,
      "aligned": true
    },
    {
      "shot": "material-probe-first-punch-default-camera",
      "id": "jellyGate1:3",
      "form": 1,
      "renderedTop": 95.20000314712524,
      "colliderTop": 95.19999999999999,
      "aligned": true
    },
    {
      "shot": "material-probe-first-punch-default-camera",
      "id": "jellyGate1:4",
      "form": 2,
      "renderedTop": 95.20000314712524,
      "colliderTop": 95.19999999999999,
      "aligned": true
    },
    {
      "shot": "material-probe-first-punch-default-camera",
      "id": "candyEdge0:-1:-6",
      "form": 4,
      "renderedTop": 92.19999694824219,
      "colliderTop": 92.19999999999999,
      "aligned": true
    },
    {
      "shot": "material-probe-first-punch-default-camera",
      "id": "candyEdge0:-1:6",
      "form": 3,
      "renderedTop": 92.19999694824219,
      "colliderTop": 92.19999999999999,
      "aligned": true
    },
    {
      "shot": "material-probe-first-punch-default-camera",
      "id": "candyEdge0:1:-6",
      "form": 3,
      "renderedTop": 92.19999694824219,
      "colliderTop": 92.19999999999999,
      "aligned": true
    },
    {
      "shot": "material-probe-first-punch-default-camera",
      "id": "candyEdge0:1:6",
      "form": 4,
      "renderedTop": 92.19999694824219,
      "colliderTop": 92.19999999999999,
      "aligned": true
    },
    {
      "shot": "material-probe-first-punch-default-camera",
      "id": "candyEdge1:-1:-6",
      "form": 3,
      "renderedTop": 92.19503784179688,
      "colliderTop": 92.19999999999999,
      "aligned": true
    },
    {
      "shot": "material-probe-first-punch-default-camera",
      "id": "candyEdge1:1:-6",
      "form": 4,
      "renderedTop": 92.19999694824219,
      "colliderTop": 92.19999999999999,
      "aligned": true
    }
  ],
  "jumpMarks": [
    {
      "shot": "section-probe-03-default-camera-21",
      "pad": 9,
      "launch": true,
      "landing": true,
      "radius": 2.5
    },
    {
      "shot": "section-probe-03-default-camera-21",
      "pad": 10,
      "launch": true,
      "landing": true,
      "radius": 2.5
    },
    {
      "shot": "section-probe-04-default-camera-21",
      "pad": 11,
      "launch": true,
      "landing": true,
      "radius": 2.5
    },
    {
      "shot": "section-probe-04-default-camera-21",
      "pad": 12,
      "launch": true,
      "landing": true,
      "radius": 2.5
    }
  ],
  "energy": [
    {
      "phase": "full",
      "visible": true,
      "value": 100,
      "fill": 100,
      "stamina": 1,
      "rank": "1",
      "time": "3:00",
      "label": "3.0초 달리기"
    },
    {
      "phase": "running",
      "visible": true,
      "value": 67,
      "fill": 67,
      "stamina": 0.6666666666666442,
      "rank": "1",
      "time": "2:59",
      "label": "2.0초 달리기"
    },
    {
      "phase": "recovered",
      "visible": true,
      "value": 100,
      "fill": 100,
      "stamina": 1,
      "rank": "1",
      "time": "2:55",
      "label": "3.0초 달리기"
    }
  ],
  "cameraChecks": [
    {
      "name": "start-default-camera-21",
      "distance": 6.4,
      "inside": [],
      "floors": []
    },
    {
      "name": "run-2s-default-camera-21",
      "distance": 7.794875996493478,
      "inside": [],
      "floors": []
    },
    {
      "name": "run-5s-default-camera-21",
      "distance": 7.590623059846588,
      "inside": [],
      "floors": []
    },
    {
      "name": "run-10s-default-camera-21",
      "distance": 7.149639532771548,
      "inside": [],
      "floors": []
    },
    {
      "name": "section-probe-01-default-camera-21",
      "distance": 6.4,
      "inside": [],
      "floors": []
    },
    {
      "name": "section-probe-02-default-camera-21",
      "distance": 6.4,
      "inside": [],
      "floors": []
    },
    {
      "name": "section-probe-03-default-camera-21",
      "distance": 6.4,
      "inside": [],
      "floors": []
    },
    {
      "name": "section-probe-04-default-camera-21",
      "distance": 6.4,
      "inside": [],
      "floors": []
    },
    {
      "name": "section-probe-05-default-camera-21",
      "distance": 6.4,
      "inside": [],
      "floors": []
    },
    {
      "name": "section-probe-06-default-camera-21",
      "distance": 6.4,
      "inside": [],
      "floors": []
    },
    {
      "name": "section-probe-07-default-camera-21",
      "distance": 6.4,
      "inside": [],
      "floors": []
    },
    {
      "name": "material-probe-first-punch-default-camera",
      "distance": 6.4,
      "inside": [],
      "floors": []
    },
    {
      "name": "post-sprint-hud",
      "distance": 4.029629629629653,
      "inside": [],
      "floors": []
    }
  ],
  "hazards": {
    "count": 113,
    "kinds": [
      "punch",
      "bar",
      "rock"
    ],
    "firstDistance": 32.8,
    "bySection": [
      {
        "section": 1,
        "name": "통통 범퍼숲",
        "count": 26,
        "manualPads": 0,
        "movingPads": 0,
        "incline": false,
        "slide": false,
        "final": false
      },
      {
        "section": 2,
        "name": "빙글빙글 캔디마당",
        "count": 25,
        "manualPads": 0,
        "movingPads": 0,
        "incline": false,
        "slide": false,
        "final": false
      },
      {
        "section": 3,
        "name": "통통 도넛섬",
        "count": 48,
        "manualPads": 4,
        "movingPads": 0,
        "incline": false,
        "slide": false,
        "final": false
      },
      {
        "section": 4,
        "name": "데굴데굴 도넛마당",
        "count": 3,
        "manualPads": 0,
        "movingPads": 0,
        "incline": true,
        "slide": false,
        "final": false
      },
      {
        "section": 5,
        "name": "출렁출렁 구름다리",
        "count": 0,
        "manualPads": 0,
        "movingPads": 7,
        "incline": false,
        "slide": false,
        "final": false
      },
      {
        "section": 6,
        "name": "무지개 미끄럼",
        "count": 9,
        "manualPads": 0,
        "movingPads": 0,
        "incline": false,
        "slide": true,
        "final": false
      },
      {
        "section": 7,
        "name": "별빛 대도약",
        "count": 2,
        "manualPads": 0,
        "movingPads": 0,
        "incline": false,
        "slide": false,
        "final": true
      }
    ]
  },
  "graphics": {
    "shadow": 2048,
    "bloom": 0,
    "aa": 2,
    "pr": 0.85,
    "shHz": 0,
    "q": "mid",
    "width": 1088,
    "height": 612
  },
  "noRenderCpuMs": {
    "p50": 2.299999952316284,
    "p95": 3.0999999046325684,
    "samples": 570
  },
  "overflow": [],
  "renderer": "WebKit WebGL",
  "hudLayouts": [
    {
      "width": 1920,
      "height": 1080,
      "visible": true,
      "x": 692,
      "y": 12,
      "right": 1228,
      "bottom": 151.6875,
      "scroll": 532,
      "client": 532,
      "total": "/ 21명",
      "energy": "100",
      "sceneProbe": {
        "colors": 782,
        "dominantFraction": 0.1863064236111111
      }
    },
    {
      "width": 1366,
      "height": 768,
      "visible": true,
      "x": 415,
      "y": 12,
      "right": 951,
      "bottom": 151.6875,
      "scroll": 532,
      "client": 532,
      "total": "/ 21명",
      "energy": "100",
      "sceneProbe": {
        "colors": 831,
        "dominantFraction": 0.1867404513888889
      }
    },
    {
      "width": 480,
      "height": 900,
      "visible": true,
      "x": 12,
      "y": 8,
      "right": 468,
      "bottom": 157.28125,
      "scroll": 452,
      "client": 452,
      "total": "/ 21명",
      "energy": "100",
      "sceneProbe": {
        "colors": 505,
        "dominantFraction": 0.1597222222222222
      }
    }
  ],
  "donutShots": [
    {
      "phase": "apex",
      "found": true,
      "x": 0.7418065048670969,
      "z": 277.6992655112328,
      "height": 22.97574218899051,
      "vy": -0.18444466849533736,
      "ground": false,
      "expectedPad": 10,
      "stage": "2 · 통통 도넛섬",
      "energy": "100",
      "sceneProbe": {
        "colors": 705,
        "dominantFraction": 0.4115668402777778
      }
    },
    {
      "phase": "landing",
      "found": true,
      "x": 1.5620683456353432,
      "z": 305.5912675486153,
      "height": 0,
      "vy": 0,
      "ground": true,
      "landingPad": 10,
      "expectedPad": 10,
      "stage": "2 · 통통 도넛섬",
      "energy": "100",
      "sceneProbe": {
        "colors": 618,
        "dominantFraction": 0.13346354166666666
      }
    }
  ],
  "errors": []
}
PASS: race78 actual start/player camera, 21 avatars, visible obstacle bounds, actual encounters, unchanged mid quality
